"session_id","run_date","language","mode","input","success","crashed","escape_detected","escape_summary","error","execution_time_ms"
"session_20260413_125515_f51c3f97","2026-04-13","java","dynamic","<bridge-startup>","false","true","true","No escaping references detected","Runtime Crash: Exception in thread ""main"" java.lang.NoClassDefFoundError: com/google/gson/GsonBuilder","0"
"session_20260413_125656_cbfea92f","2026-04-13","java","both","<bridge-startup>","false","true","true","No escaping references detected","Runtime Crash: Exception in thread ""main"" java.lang.NoClassDefFoundError: com/google/gson/GsonBuilder","0"
"session_20260413_125516_5e44a018","2026-04-13","java","both","<bridge-startup>","false","true","true","No escaping references detected","Runtime Crash: Exception in thread ""main"" java.lang.NoClassDefFoundError: com/google/gson/GsonBuilder","0"
"session_20260413_125517_2cd03b78","2026-04-13","java","both","<bridge-startup>","false","true","true","No escaping references detected","Runtime Crash: Exception in thread ""main"" java.lang.NoClassDefFoundError: com/google/gson/GsonBuilder","0"
"session_20260413_125517_561b9ab9","2026-04-13","java","both","<bridge-startup>","false","true","true","No escaping references detected","Runtime Crash: Exception in thread ""main"" java.lang.NoClassDefFoundError: com/google/gson/GsonBuilder","0"
"session_20260413_125517_d2475a15","2026-04-13","java","both","<bridge-startup>","false","true","true","No escaping references detected","Runtime Crash: Exception in thread ""main"" java.lang.NoClassDefFoundError: com/google/gson/GsonBuilder","0"
"session_20260413_125518_234ee24f","2026-04-13","java","both","<bridge-startup>","false","true","true","No escaping references detected","Runtime Crash: Exception in thread ""main"" java.lang.NoClassDefFoundError: com/google/gson/GsonBuilder","0"
"session_20260413_125518_82245f8c","2026-04-13","java","both","<bridge-startup>","false","true","true","No escaping references detected","Runtime Crash: Exception in thread ""main"" java.lang.NoClassDefFoundError: com/google/gson/GsonBuilder","0"
"session_20260413_125518_ab662be8","2026-04-13","java","both","<bridge-startup>","false","true","false","No escaping references detected","Runtime Crash: Exception in thread ""main"" java.lang.NoClassDefFoundError: com/google/gson/GsonBuilder","0"
"session_20260413_125519_6d3e2ebd","2026-04-13","java","both","<bridge-startup>","false","true","false","No escaping references detected","Runtime Crash: Exception in thread ""main"" java.lang.NoClassDefFoundError: com/google/gson/GsonBuilder","0"
"session_20260413_125519_bd717ba2","2026-04-13","java","both","<bridge-startup>","false","true","true","No escaping references detected","Runtime Crash: Exception in thread ""main"" java.lang.NoClassDefFoundError: com/google/gson/GsonBuilder","0"
"session_20260413_125519_dfa62ce4","2026-04-13","java","both","<bridge-startup>","false","true","true","No escaping references detected","Runtime Crash: Exception in thread ""main"" java.lang.NoClassDefFoundError: com/google/gson/GsonBuilder","0"
"session_20260413_125520_37dc0e04","2026-04-13","java","both","<bridge-startup>","false","true","true","No escaping references detected","Runtime Crash: Exception in thread ""main"" java.lang.NoClassDefFoundError: com/google/gson/GsonBuilder","0"
"session_20260413_125520_7ed67ced","2026-04-13","java","both","<bridge-startup>","false","true","true","No escaping references detected","Runtime Crash: Exception in thread ""main"" java.lang.NoClassDefFoundError: com/google/gson/GsonBuilder","0"
"session_20260413_125520_b47edab7","2026-04-13","java","both","<bridge-startup>","false","true","true","No escaping references detected","Runtime Crash: Exception in thread ""main"" java.lang.NoClassDefFoundError: com/google/gson/GsonBuilder","0"
"session_20260413_125521_5cb89697","2026-04-13","java","both","<bridge-startup>","false","true","false","No escaping references detected","Runtime Crash: Exception in thread ""main"" java.lang.NoClassDefFoundError: com/google/gson/GsonBuilder","0"
"session_20260413_125521_882b78b4","2026-04-13","java","both","<bridge-startup>","false","true","true","No escaping references detected","Runtime Crash: Exception in thread ""main"" java.lang.NoClassDefFoundError: com/google/gson/GsonBuilder","0"
"session_20260413_125521_8ae097fb","2026-04-13","java","both","<bridge-startup>","false","true","true","No escaping references detected","Runtime Crash: Exception in thread ""main"" java.lang.NoClassDefFoundError: com/google/gson/GsonBuilder","0"
"session_20260413_125522_285565cf","2026-04-13","java","both","<bridge-startup>","false","true","true","No escaping references detected","Runtime Crash: Exception in thread ""main"" java.lang.NoClassDefFoundError: com/google/gson/GsonBuilder","0"
"session_20260413_125522_3debc876","2026-04-13","java","both","<bridge-startup>","false","true","true","No escaping references detected","Runtime Crash: Exception in thread ""main"" java.lang.NoClassDefFoundError: com/google/gson/GsonBuilder","0"
"session_20260413_125522_6c9fdab6","2026-04-13","java","both","<bridge-startup>","false","true","true","No escaping references detected","Runtime Crash: Exception in thread ""main"" java.lang.NoClassDefFoundError: com/google/gson/GsonBuilder","0"
"session_20260413_125523_356572b7","2026-04-13","java","both","<bridge-startup>","false","true","false","No escaping references detected","Runtime Crash: Exception in thread ""main"" java.lang.NoClassDefFoundError: com/google/gson/GsonBuilder","0"
"session_20260413_125523_8a78b2f3","2026-04-13","java","both","<bridge-startup>","false","true","true","No escaping references detected","Runtime Crash: Exception in thread ""main"" java.lang.NoClassDefFoundError: com/google/gson/GsonBuilder","0"
"session_20260413_125523_c2c8d7fe","2026-04-13","java","both","<bridge-startup>","false","true","true","No escaping references detected","Runtime Crash: Exception in thread ""main"" java.lang.NoClassDefFoundError: com/google/gson/GsonBuilder","0"
"session_20260413_125524_24f87d51","2026-04-13","java","both","<bridge-startup>","false","true","true","No escaping references detected","Runtime Crash: Exception in thread ""main"" java.lang.NoClassDefFoundError: com/google/gson/GsonBuilder","0"
"session_20260413_125524_67561c42","2026-04-13","java","both","<bridge-startup>","false","true","true","No escaping references detected","Runtime Crash: Exception in thread ""main"" java.lang.NoClassDefFoundError: com/google/gson/GsonBuilder","0"
"session_20260413_125525_2d47b2c1","2026-04-13","java","both","<bridge-startup>","false","true","true","No escaping references detected","Runtime Crash: Exception in thread ""main"" java.lang.NoClassDefFoundError: com/google/gson/GsonBuilder","0"
"session_20260413_125525_d77fa894","2026-04-13","java","both","<bridge-startup>","false","true","false","No escaping references detected","Runtime Crash: Exception in thread ""main"" java.lang.NoClassDefFoundError: com/google/gson/GsonBuilder","0"
"session_20260413_125525_e8bc8153","2026-04-13","java","both","<bridge-startup>","false","true","true","No escaping references detected","Runtime Crash: Exception in thread ""main"" java.lang.NoClassDefFoundError: com/google/gson/GsonBuilder","0"
"session_20260413_125526_2e49c7ce","2026-04-13","java","both","<bridge-startup>","false","true","true","No escaping references detected","Runtime Crash: Exception in thread ""main"" java.lang.NoClassDefFoundError: com/google/gson/GsonBuilder","0"
"session_20260413_125526_694af758","2026-04-13","java","both","<bridge-startup>","false","true","true","No escaping references detected","Runtime Crash: Exception in thread ""main"" java.lang.NoClassDefFoundError: com/google/gson/GsonBuilder","0"
"session_20260413_125526_f96f262c","2026-04-13","java","both","<bridge-startup>","false","true","false","No escaping references detected","Runtime Crash: Exception in thread ""main"" java.lang.NoClassDefFoundError: com/google/gson/GsonBuilder","0"
"session_20260413_125527_1397191b","2026-04-13","java","both","<bridge-startup>","false","true","true","No escaping references detected","Runtime Crash: Exception in thread ""main"" java.lang.NoClassDefFoundError: com/google/gson/GsonBuilder","0"
"session_20260413_125527_b7467c06","2026-04-13","java","both","<bridge-startup>","false","true","true","No escaping references detected","Runtime Crash: Exception in thread ""main"" java.lang.NoClassDefFoundError: com/google/gson/GsonBuilder","0"
"session_20260413_125527_cfb6eec5","2026-04-13","java","both","<bridge-startup>","false","true","true","No escaping references detected","Runtime Crash: Exception in thread ""main"" java.lang.NoClassDefFoundError: com/google/gson/GsonBuilder","0"
"session_20260413_125528_86042ff2","2026-04-13","java","both","<bridge-startup>","false","true","true","No escaping references detected","Runtime Crash: Exception in thread ""main"" java.lang.NoClassDefFoundError: com/google/gson/GsonBuilder","0"
"session_20260413_125528_8b12cdf7","2026-04-13","java","both","<bridge-startup>","false","true","false","No escaping references detected","Runtime Crash: Exception in thread ""main"" java.lang.NoClassDefFoundError: com/google/gson/GsonBuilder","0"
"session_20260413_125528_fbb7515e","2026-04-13","java","both","<bridge-startup>","false","true","true","No escaping references detected","Runtime Crash: Exception in thread ""main"" java.lang.NoClassDefFoundError: com/google/gson/GsonBuilder","0"
"session_20260413_125529_768c55fe","2026-04-13","java","both","<bridge-startup>","false","true","true","No escaping references detected","Runtime Crash: Exception in thread ""main"" java.lang.NoClassDefFoundError: com/google/gson/GsonBuilder","0"
"session_20260413_125529_932514c0","2026-04-13","java","both","<bridge-startup>","false","true","true","No escaping references detected","Runtime Crash: Exception in thread ""main"" java.lang.NoClassDefFoundError: com/google/gson/GsonBuilder","0"
"session_20260413_125529_ee28355a","2026-04-13","java","both","<bridge-startup>","false","true","true","No escaping references detected","Runtime Crash: Exception in thread ""main"" java.lang.NoClassDefFoundError: com/google/gson/GsonBuilder","0"
"session_20260413_125530_6a1ddade","2026-04-13","java","both","<bridge-startup>","false","true","true","No escaping references detected","Runtime Crash: Exception in thread ""main"" java.lang.NoClassDefFoundError: com/google/gson/GsonBuilder","0"
"session_20260413_125530_f93c9beb","2026-04-13","java","both","<bridge-startup>","false","true","false","No escaping references detected","Runtime Crash: Exception in thread ""main"" java.lang.NoClassDefFoundError: com/google/gson/GsonBuilder","0"
"session_20260413_125531_377c36dd","2026-04-13","java","both","<bridge-startup>","false","true","true","No escaping references detected","Runtime Crash: Exception in thread ""main"" java.lang.NoClassDefFoundError: com/google/gson/GsonBuilder","0"
"session_20260413_125531_6cb69f96","2026-04-13","java","both","<bridge-startup>","false","true","true","No escaping references detected","Runtime Crash: Exception in thread ""main"" java.lang.NoClassDefFoundError: com/google/gson/GsonBuilder","0"
"session_20260413_125531_d79ba215","2026-04-13","java","both","<bridge-startup>","false","true","true","No escaping references detected","Runtime Crash: Exception in thread ""main"" java.lang.NoClassDefFoundError: com/google/gson/GsonBuilder","0"
"session_20260413_125532_038ce3b0","2026-04-13","java","both","<bridge-startup>","false","true","false","No escaping references detected","Runtime Crash: Exception in thread ""main"" java.lang.NoClassDefFoundError: com/google/gson/GsonBuilder","0"
"session_20260413_125532_721e752f","2026-04-13","java","both","<bridge-startup>","false","true","true","No escaping references detected","Runtime Crash: Exception in thread ""main"" java.lang.NoClassDefFoundError: com/google/gson/GsonBuilder","0"
"session_20260413_125532_f0eda8a1","2026-04-13","java","both","<bridge-startup>","false","true","true","No escaping references detected","Runtime Crash: Exception in thread ""main"" java.lang.NoClassDefFoundError: com/google/gson/GsonBuilder","0"
"session_20260413_125533_684f3b1a","2026-04-13","java","both","<bridge-startup>","false","true","false","No escaping references detected","Runtime Crash: Exception in thread ""main"" java.lang.NoClassDefFoundError: com/google/gson/GsonBuilder","0"
"session_20260413_125533_c9be434c","2026-04-13","java","both","<bridge-startup>","false","true","true","No escaping references detected","Runtime Crash: Exception in thread ""main"" java.lang.NoClassDefFoundError: com/google/gson/GsonBuilder","0"
"session_20260413_125533_f0e6716c","2026-04-13","java","both","<bridge-startup>","false","true","true","No escaping references detected","Runtime Crash: Exception in thread ""main"" java.lang.NoClassDefFoundError: com/google/gson/GsonBuilder","0"
"session_20260413_125534_59b9dd63","2026-04-13","java","both","<bridge-startup>","false","true","true","No escaping references detected","Runtime Crash: Exception in thread ""main"" java.lang.NoClassDefFoundError: com/google/gson/GsonBuilder","0"
"session_20260413_125534_be580e44","2026-04-13","java","both","<bridge-startup>","false","true","true","No escaping references detected","Runtime Crash: Exception in thread ""main"" java.lang.NoClassDefFoundError: com/google/gson/GsonBuilder","0"
"session_20260413_125535_2b051303","2026-04-13","java","both","<bridge-startup>","false","true","true","No escaping references detected","Runtime Crash: Exception in thread ""main"" java.lang.NoClassDefFoundError: com/google/gson/GsonBuilder","0"
"session_20260413_125535_9cb01d0e","2026-04-13","java","both","<bridge-startup>","false","true","true","No escaping references detected","Runtime Crash: Exception in thread ""main"" java.lang.NoClassDefFoundError: com/google/gson/GsonBuilder","0"
"session_20260413_125535_d86003e4","2026-04-13","java","both","<bridge-startup>","false","true","false","No escaping references detected","Runtime Crash: Exception in thread ""main"" java.lang.NoClassDefFoundError: com/google/gson/GsonBuilder","0"
"session_20260413_125535_f5f3a52e","2026-04-13","java","both","<bridge-startup>","false","true","true","No escaping references detected","Runtime Crash: Exception in thread ""main"" java.lang.NoClassDefFoundError: com/google/gson/GsonBuilder","0"
"session_20260413_125536_6d4e6b25","2026-04-13","java","both","<bridge-startup>","false","true","true","No escaping references detected","Runtime Crash: Exception in thread ""main"" java.lang.NoClassDefFoundError: com/google/gson/GsonBuilder","0"
"session_20260413_125536_d3a8ecef","2026-04-13","java","both","<bridge-startup>","false","true","true","No escaping references detected","Runtime Crash: Exception in thread ""main"" java.lang.NoClassDefFoundError: com/google/gson/GsonBuilder","0"
"session_20260413_125536_fcb6e9ff","2026-04-13","java","both","<bridge-startup>","false","true","true","No escaping references detected","Runtime Crash: Exception in thread ""main"" java.lang.NoClassDefFoundError: com/google/gson/GsonBuilder","0"
"session_20260413_125537_884e5283","2026-04-13","java","both","<bridge-startup>","false","true","true","No escaping references detected","Runtime Crash: Exception in thread ""main"" java.lang.NoClassDefFoundError: com/google/gson/GsonBuilder","0"
"session_20260413_125537_d2c9a73b","2026-04-13","java","both","<bridge-startup>","false","true","false","No escaping references detected","Runtime Crash: Exception in thread ""main"" java.lang.NoClassDefFoundError: com/google/gson/GsonBuilder","0"
"session_20260413_125537_f2f839e4","2026-04-13","java","both","<bridge-startup>","false","true","true","No escaping references detected","Runtime Crash: Exception in thread ""main"" java.lang.NoClassDefFoundError: com/google/gson/GsonBuilder","0"
"session_20260413_125538_4241daa5","2026-04-13","java","both","<bridge-startup>","false","true","false","No escaping references detected","Runtime Crash: Exception in thread ""main"" java.lang.NoClassDefFoundError: com/google/gson/GsonBuilder","0"
"session_20260413_125538_70af9d46","2026-04-13","java","both","<bridge-startup>","false","true","true","No escaping references detected","Runtime Crash: Exception in thread ""main"" java.lang.NoClassDefFoundError: com/google/gson/GsonBuilder","0"
"session_20260413_125538_f0811b98","2026-04-13","java","both","<bridge-startup>","false","true","true","No escaping references detected","Runtime Crash: Exception in thread ""main"" java.lang.NoClassDefFoundError: com/google/gson/GsonBuilder","0"
"session_20260413_125539_57d4af47","2026-04-13","java","both","<bridge-startup>","false","true","true","No escaping references detected","Runtime Crash: Exception in thread ""main"" java.lang.NoClassDefFoundError: com/google/gson/GsonBuilder","0"
"session_20260413_125539_97befd34","2026-04-13","java","both","<bridge-startup>","false","true","true","No escaping references detected","Runtime Crash: Exception in thread ""main"" java.lang.NoClassDefFoundError: com/google/gson/GsonBuilder","0"
"session_20260413_125539_ffdc4d8b","2026-04-13","java","both","<bridge-startup>","false","true","true","No escaping references detected","Runtime Crash: Exception in thread ""main"" java.lang.NoClassDefFoundError: com/google/gson/GsonBuilder","0"
"session_20260413_125540_4424a8e4","2026-04-13","java","both","<bridge-startup>","false","true","true","No escaping references detected","Runtime Crash: Exception in thread ""main"" java.lang.NoClassDefFoundError: com/google/gson/GsonBuilder","0"
"session_20260413_125540_50354557","2026-04-13","java","both","<bridge-startup>","false","true","false","No escaping references detected","Runtime Crash: Exception in thread ""main"" java.lang.NoClassDefFoundError: com/google/gson/GsonBuilder","0"
"session_20260413_125540_816dbf78","2026-04-13","java","both","<bridge-startup>","false","true","true","No escaping references detected","Runtime Crash: Exception in thread ""main"" java.lang.NoClassDefFoundError: com/google/gson/GsonBuilder","0"
"session_20260413_125541_b31b27b2","2026-04-13","java","both","<bridge-startup>","false","true","true","No escaping references detected","Runtime Crash: Exception in thread ""main"" java.lang.NoClassDefFoundError: com/google/gson/GsonBuilder","0"
"session_20260413_125541_ef9b5642","2026-04-13","java","both","<bridge-startup>","false","true","true","No escaping references detected","Runtime Crash: Exception in thread ""main"" java.lang.NoClassDefFoundError: com/google/gson/GsonBuilder","0"
"session_20260413_125542_a4ca25c5","2026-04-13","java","both","<bridge-startup>","false","true","true","No escaping references detected","Runtime Crash: Exception in thread ""main"" java.lang.NoClassDefFoundError: com/google/gson/GsonBuilder","0"
"session_20260413_125542_a856c451","2026-04-13","java","both","<bridge-startup>","false","true","true","No escaping references detected","Runtime Crash: Exception in thread ""main"" java.lang.NoClassDefFoundError: com/google/gson/GsonBuilder","0"
"session_20260413_125542_ee7bea51","2026-04-13","java","both","<bridge-startup>","false","true","false","No escaping references detected","Runtime Crash: Exception in thread ""main"" java.lang.NoClassDefFoundError: com/google/gson/GsonBuilder","0"
"session_20260413_125543_303f0537","2026-04-13","java","both","<bridge-startup>","false","true","true","No escaping references detected","Runtime Crash: Exception in thread ""main"" java.lang.NoClassDefFoundError: com/google/gson/GsonBuilder","0"
"session_20260413_125543_786d2152","2026-04-13","java","both","<bridge-startup>","false","true","true","No escaping references detected","Runtime Crash: Exception in thread ""main"" java.lang.NoClassDefFoundError: com/google/gson/GsonBuilder","0"
"session_20260413_125543_b658fa5f","2026-04-13","java","both","<bridge-startup>","false","true","true","No escaping references detected","Runtime Crash: Exception in thread ""main"" java.lang.NoClassDefFoundError: com/google/gson/GsonBuilder","0"
"session_20260413_125544_26baeae7","2026-04-13","java","both","<bridge-startup>","false","true","true","No escaping references detected","Runtime Crash: Exception in thread ""main"" java.lang.NoClassDefFoundError: com/google/gson/GsonBuilder","0"
"session_20260413_125544_b5295c6c","2026-04-13","java","both","<bridge-startup>","false","true","true","No escaping references detected","Runtime Crash: Exception in thread ""main"" java.lang.NoClassDefFoundError: com/google/gson/GsonBuilder","0"
"session_20260413_125544_c08a2fa2","2026-04-13","java","both","<bridge-startup>","false","true","false","No escaping references detected","Runtime Crash: Exception in thread ""main"" java.lang.NoClassDefFoundError: com/google/gson/GsonBuilder","0"
"session_20260413_125545_21d813ba","2026-04-13","java","both","<bridge-startup>","false","true","true","No escaping references detected","Runtime Crash: Exception in thread ""main"" java.lang.NoClassDefFoundError: com/google/gson/GsonBuilder","0"
"session_20260413_125545_26a7f96c","2026-04-13","java","both","<bridge-startup>","false","true","false","No escaping references detected","Runtime Crash: Exception in thread ""main"" java.lang.NoClassDefFoundError: com/google/gson/GsonBuilder","0"
"session_20260413_125545_c48349bc","2026-04-13","java","both","<bridge-startup>","false","true","true","No escaping references detected","Runtime Crash: Exception in thread ""main"" java.lang.NoClassDefFoundError: com/google/gson/GsonBuilder","0"
"session_20260413_125546_5ecb536a","2026-04-13","java","both","<bridge-startup>","false","true","true","No escaping references detected","Runtime Crash: Exception in thread ""main"" java.lang.NoClassDefFoundError: com/google/gson/GsonBuilder","0"
"session_20260413_125546_a409d98c","2026-04-13","java","both","<bridge-startup>","false","true","true","No escaping references detected","Runtime Crash: Exception in thread ""main"" java.lang.NoClassDefFoundError: com/google/gson/GsonBuilder","0"
"session_20260413_125546_c549284d","2026-04-13","java","both","<bridge-startup>","false","true","true","No escaping references detected","Runtime Crash: Exception in thread ""main"" java.lang.NoClassDefFoundError: com/google/gson/GsonBuilder","0"
"session_20260413_125547_b3de5e1b","2026-04-13","java","both","<bridge-startup>","false","true","false","No escaping references detected","Runtime Crash: Exception in thread ""main"" java.lang.NoClassDefFoundError: com/google/gson/GsonBuilder","0"
"session_20260413_125547_eca3cfae","2026-04-13","java","both","<bridge-startup>","false","true","true","No escaping references detected","Runtime Crash: Exception in thread ""main"" java.lang.NoClassDefFoundError: com/google/gson/GsonBuilder","0"
"session_20260413_125548_9ea78a4e","2026-04-13","java","both","<bridge-startup>","false","true","true","No escaping references detected","Runtime Crash: Exception in thread ""main"" java.lang.NoClassDefFoundError: com/google/gson/GsonBuilder","0"
"session_20260413_125548_e451f6db","2026-04-13","java","both","<bridge-startup>","false","true","true","No escaping references detected","Runtime Crash: Exception in thread ""main"" java.lang.NoClassDefFoundError: com/google/gson/GsonBuilder","0"
"session_20260413_125548_ec6c7f99","2026-04-13","java","both","<bridge-startup>","false","true","true","No escaping references detected","Runtime Crash: Exception in thread ""main"" java.lang.NoClassDefFoundError: com/google/gson/GsonBuilder","0"
"session_20260413_125549_0b3787c2","2026-04-13","java","both","<bridge-startup>","false","true","true","No escaping references detected","Runtime Crash: Exception in thread ""main"" java.lang.NoClassDefFoundError: com/google/gson/GsonBuilder","0"
"session_20260413_125549_27ea67e6","2026-04-13","java","both","<bridge-startup>","false","true","true","No escaping references detected","Runtime Crash: Exception in thread ""main"" java.lang.NoClassDefFoundError: com/google/gson/GsonBuilder","0"
"session_20260413_125549_6d727245","2026-04-13","java","both","<bridge-startup>","false","true","false","No escaping references detected","Runtime Crash: Exception in thread ""main"" java.lang.NoClassDefFoundError: com/google/gson/GsonBuilder","0"
"session_20260413_125550_460ebbcb","2026-04-13","java","both","<bridge-startup>","false","true","true","No escaping references detected","Runtime Crash: Exception in thread ""main"" java.lang.NoClassDefFoundError: com/google/gson/GsonBuilder","0"
"session_20260413_125550_50bff86e","2026-04-13","java","both","<bridge-startup>","false","true","true","No escaping references detected","Runtime Crash: Exception in thread ""main"" java.lang.NoClassDefFoundError: com/google/gson/GsonBuilder","0"
"session_20260413_125550_a9733c65","2026-04-13","java","both","<bridge-startup>","false","true","true","No escaping references detected","Runtime Crash: Exception in thread ""main"" java.lang.NoClassDefFoundError: com/google/gson/GsonBuilder","0"
"session_20260413_125551_4c6bbf55","2026-04-13","java","both","<bridge-startup>","false","true","true","No escaping references detected","Runtime Crash: Exception in thread ""main"" java.lang.NoClassDefFoundError: com/google/gson/GsonBuilder","0"
"session_20260413_125551_de8696c1","2026-04-13","java","both","<bridge-startup>","false","true","false","No escaping references detected","Runtime Crash: Exception in thread ""main"" java.lang.NoClassDefFoundError: com/google/gson/GsonBuilder","0"
"session_20260413_125551_f0c0e5d2","2026-04-13","java","both","<bridge-startup>","false","true","true","No escaping references detected","Runtime Crash: Exception in thread ""main"" java.lang.NoClassDefFoundError: com/google/gson/GsonBuilder","0"
"session_20260413_125552_6fd4cbd2","2026-04-13","java","both","<bridge-startup>","false","true","true","No escaping references detected","Runtime Crash: Exception in thread ""main"" java.lang.NoClassDefFoundError: com/google/gson/GsonBuilder","0"
"session_20260413_125552_8bc55655","2026-04-13","java","both","<bridge-startup>","false","true","true","No escaping references detected","Runtime Crash: Exception in thread ""main"" java.lang.NoClassDefFoundError: com/google/gson/GsonBuilder","0"
"session_20260413_125552_c5313630","2026-04-13","java","both","<bridge-startup>","false","true","false","No escaping references detected","Runtime Crash: Exception in thread ""main"" java.lang.NoClassDefFoundError: com/google/gson/GsonBuilder","0"
"session_20260413_125553_210488a1","2026-04-13","java","both","<bridge-startup>","false","true","false","No escaping references detected","Runtime Crash: Exception in thread ""main"" java.lang.NoClassDefFoundError: com/google/gson/GsonBuilder","0"
"session_20260413_125553_910d232d","2026-04-13","java","both","<bridge-startup>","false","true","false","No escaping references detected","Runtime Crash: Exception in thread ""main"" java.lang.NoClassDefFoundError: com/google/gson/GsonBuilder","0"
"session_20260413_125553_bb9ac2ce","2026-04-13","java","both","<bridge-startup>","false","true","false","No escaping references detected","Runtime Crash: Exception in thread ""main"" java.lang.NoClassDefFoundError: com/google/gson/GsonBuilder","0"
"session_20260413_125554_622b91c2","2026-04-13","java","both","<bridge-startup>","false","true","true","No escaping references detected","Runtime Crash: Exception in thread ""main"" java.lang.NoClassDefFoundError: com/google/gson/GsonBuilder","0"
"session_20260413_125554_86299362","2026-04-13","java","both","<bridge-startup>","false","true","true","No escaping references detected","Runtime Crash: Exception in thread ""main"" java.lang.NoClassDefFoundError: com/google/gson/GsonBuilder","0"
"session_20260413_125554_df59bfe3","2026-04-13","java","both","<bridge-startup>","false","true","false","No escaping references detected","Runtime Crash: Exception in thread ""main"" java.lang.NoClassDefFoundError: com/google/gson/GsonBuilder","0"
"session_20260413_125555_04d302ca","2026-04-13","java","both","<bridge-startup>","false","true","false","No escaping references detected","Runtime Crash: Exception in thread ""main"" java.lang.NoClassDefFoundError: com/google/gson/GsonBuilder","0"
"session_20260413_125555_586b8753","2026-04-13","java","both","<bridge-startup>","false","true","true","No escaping references detected","Runtime Crash: Exception in thread ""main"" java.lang.NoClassDefFoundError: com/google/gson/GsonBuilder","0"
"session_20260413_125555_e9f41e66","2026-04-13","java","both","<bridge-startup>","false","true","true","No escaping references detected","Runtime Crash: Exception in thread ""main"" java.lang.NoClassDefFoundError: com/google/gson/GsonBuilder","0"
"session_20260413_125556_2568d4cb","2026-04-13","java","both","<bridge-startup>","false","true","false","No escaping references detected","Runtime Crash: Exception in thread ""main"" java.lang.NoClassDefFoundError: com/google/gson/GsonBuilder","0"
"session_20260413_125556_87e542b5","2026-04-13","java","both","<bridge-startup>","false","true","false","No escaping references detected","Runtime Crash: Exception in thread ""main"" java.lang.NoClassDefFoundError: com/google/gson/GsonBuilder","0"
"session_20260413_125556_8ffe7d58","2026-04-13","java","both","<bridge-startup>","false","true","false","No escaping references detected","Runtime Crash: Exception in thread ""main"" java.lang.NoClassDefFoundError: com/google/gson/GsonBuilder","0"
"session_20260413_125557_8140b481","2026-04-13","java","both","<bridge-startup>","false","true","true","No escaping references detected","Runtime Crash: Exception in thread ""main"" java.lang.NoClassDefFoundError: com/google/gson/GsonBuilder","0"
"session_20260413_125557_94871d0e","2026-04-13","java","both","<bridge-startup>","false","true","false","No escaping references detected","Runtime Crash: Exception in thread ""main"" java.lang.NoClassDefFoundError: com/google/gson/GsonBuilder","0"
"session_20260413_125557_e03da3c8","2026-04-13","java","both","<bridge-startup>","false","true","true","No escaping references detected","Runtime Crash: Exception in thread ""main"" java.lang.NoClassDefFoundError: com/google/gson/GsonBuilder","0"
"session_20260413_125558_6d4211f3","2026-04-13","java","both","<bridge-startup>","false","true","true","No escaping references detected","Runtime Crash: Exception in thread ""main"" java.lang.NoClassDefFoundError: com/google/gson/GsonBuilder","0"
"session_20260413_125558_90ae74b1","2026-04-13","java","both","<bridge-startup>","false","true","true","No escaping references detected","Runtime Crash: Exception in thread ""main"" java.lang.NoClassDefFoundError: com/google/gson/GsonBuilder","0"
"session_20260413_125558_fe500d24","2026-04-13","java","both","<bridge-startup>","false","true","false","No escaping references detected","Runtime Crash: Exception in thread ""main"" java.lang.NoClassDefFoundError: com/google/gson/GsonBuilder","0"
"session_20260413_125559_4822cc15","2026-04-13","java","both","<bridge-startup>","false","true","false","No escaping references detected","Runtime Crash: Exception in thread ""main"" java.lang.NoClassDefFoundError: com/google/gson/GsonBuilder","0"
"session_20260413_125559_7cbbea0b","2026-04-13","java","both","<bridge-startup>","false","true","false","No escaping references detected","Runtime Crash: Exception in thread ""main"" java.lang.NoClassDefFoundError: com/google/gson/GsonBuilder","0"
"session_20260413_125559_a3886545","2026-04-13","java","both","<bridge-startup>","false","true","false","No escaping references detected","Runtime Crash: Exception in thread ""main"" java.lang.NoClassDefFoundError: com/google/gson/GsonBuilder","0"
"session_20260413_125600_4320bb05","2026-04-13","java","both","<bridge-startup>","false","true","true","No escaping references detected","Runtime Crash: Exception in thread ""main"" java.lang.NoClassDefFoundError: com/google/gson/GsonBuilder","0"
"session_20260413_125600_ad38369e","2026-04-13","java","both","<bridge-startup>","false","true","false","No escaping references detected","Runtime Crash: Exception in thread ""main"" java.lang.NoClassDefFoundError: com/google/gson/GsonBuilder","0"
"session_20260413_125600_df79f57a","2026-04-13","java","both","<bridge-startup>","false","true","true","No escaping references detected","Runtime Crash: Exception in thread ""main"" java.lang.NoClassDefFoundError: com/google/gson/GsonBuilder","0"
"session_20260413_125601_2182bfdc","2026-04-13","java","both","<bridge-startup>","false","true","true","No escaping references detected","Runtime Crash: Exception in thread ""main"" java.lang.NoClassDefFoundError: com/google/gson/GsonBuilder","0"
"session_20260413_125601_3e1dfabe","2026-04-13","java","both","<bridge-startup>","false","true","true","No escaping references detected","Runtime Crash: Exception in thread ""main"" java.lang.NoClassDefFoundError: com/google/gson/GsonBuilder","0"
"session_20260413_125602_103dc48f","2026-04-13","java","both","<bridge-startup>","false","true","false","No escaping references detected","Runtime Crash: Exception in thread ""main"" java.lang.NoClassDefFoundError: com/google/gson/GsonBuilder","0"
"session_20260413_125602_ccf897dc","2026-04-13","java","both","<bridge-startup>","false","true","false","No escaping references detected","Runtime Crash: Exception in thread ""main"" java.lang.NoClassDefFoundError: com/google/gson/GsonBuilder","0"
"session_20260413_125602_d90fe793","2026-04-13","java","both","<bridge-startup>","false","true","false","No escaping references detected","Runtime Crash: Exception in thread ""main"" java.lang.NoClassDefFoundError: com/google/gson/GsonBuilder","0"
"session_20260413_125603_0d2cddfd","2026-04-13","java","both","<bridge-startup>","false","true","true","No escaping references detected","Runtime Crash: Exception in thread ""main"" java.lang.NoClassDefFoundError: com/google/gson/GsonBuilder","0"
"session_20260413_125603_4b663a04","2026-04-13","java","both","<bridge-startup>","false","true","false","No escaping references detected","Runtime Crash: Exception in thread ""main"" java.lang.NoClassDefFoundError: com/google/gson/GsonBuilder","0"
"session_20260413_125603_b8d23c7c","2026-04-13","java","both","<bridge-startup>","false","true","false","No escaping references detected","Runtime Crash: Exception in thread ""main"" java.lang.NoClassDefFoundError: com/google/gson/GsonBuilder","0"
"session_20260413_125604_9fa9bc5e","2026-04-13","java","both","<bridge-startup>","false","true","true","No escaping references detected","Runtime Crash: Exception in thread ""main"" java.lang.NoClassDefFoundError: com/google/gson/GsonBuilder","0"
"session_20260413_125604_c1a65b7f","2026-04-13","java","both","<bridge-startup>","false","true","true","No escaping references detected","Runtime Crash: Exception in thread ""main"" java.lang.NoClassDefFoundError: com/google/gson/GsonBuilder","0"
"session_20260413_125604_e4045062","2026-04-13","java","both","<bridge-startup>","false","true","true","No escaping references detected","Runtime Crash: Exception in thread ""main"" java.lang.NoClassDefFoundError: com/google/gson/GsonBuilder","0"
"session_20260413_125605_22e7d9b8","2026-04-13","java","both","<bridge-startup>","false","true","false","No escaping references detected","Runtime Crash: Exception in thread ""main"" java.lang.NoClassDefFoundError: com/google/gson/GsonBuilder","0"
"session_20260413_125605_4ba3fc3c","2026-04-13","java","both","<bridge-startup>","false","true","false","No escaping references detected","Runtime Crash: Exception in thread ""main"" java.lang.NoClassDefFoundError: com/google/gson/GsonBuilder","0"
"session_20260413_125605_c38d6a7c","2026-04-13","java","both","<bridge-startup>","false","true","false","No escaping references detected","Runtime Crash: Exception in thread ""main"" java.lang.NoClassDefFoundError: com/google/gson/GsonBuilder","0"
"session_20260413_125606_afaf229b","2026-04-13","java","both","<bridge-startup>","false","true","false","No escaping references detected","Runtime Crash: Exception in thread ""main"" java.lang.NoClassDefFoundError: com/google/gson/GsonBuilder","0"
"session_20260413_125606_f100ffba","2026-04-13","java","both","<bridge-startup>","false","true","false","No escaping references detected","Runtime Crash: Exception in thread ""main"" java.lang.NoClassDefFoundError: com/google/gson/GsonBuilder","0"
"session_20260413_125607_7756ec53","2026-04-13","java","both","<bridge-startup>","false","true","true","No escaping references detected","Runtime Crash: Exception in thread ""main"" java.lang.NoClassDefFoundError: com/google/gson/GsonBuilder","0"
"session_20260413_125607_891fe760","2026-04-13","java","both","<bridge-startup>","false","true","true","No escaping references detected","Runtime Crash: Exception in thread ""main"" java.lang.NoClassDefFoundError: com/google/gson/GsonBuilder","0"
"session_20260413_125607_deffac81","2026-04-13","java","both","<bridge-startup>","false","true","true","No escaping references detected","Runtime Crash: Exception in thread ""main"" java.lang.NoClassDefFoundError: com/google/gson/GsonBuilder","0"
"session_20260413_125608_3fd102cb","2026-04-13","java","both","<bridge-startup>","false","true","true","No escaping references detected","Runtime Crash: Exception in thread ""main"" java.lang.NoClassDefFoundError: com/google/gson/GsonBuilder","0"
"session_20260413_125608_4493089e","2026-04-13","java","both","<bridge-startup>","false","true","false","No escaping references detected","Runtime Crash: Exception in thread ""main"" java.lang.NoClassDefFoundError: com/google/gson/GsonBuilder","0"
"session_20260413_125608_c22f2e87","2026-04-13","java","both","<bridge-startup>","false","true","false","No escaping references detected","Runtime Crash: Exception in thread ""main"" java.lang.NoClassDefFoundError: com/google/gson/GsonBuilder","0"
"session_20260413_125609_42390b5c","2026-04-13","java","both","<bridge-startup>","false","true","false","No escaping references detected","Runtime Crash: Exception in thread ""main"" java.lang.NoClassDefFoundError: com/google/gson/GsonBuilder","0"
"session_20260413_125609_67fffeae","2026-04-13","java","both","<bridge-startup>","false","true","false","No escaping references detected","Runtime Crash: Exception in thread ""main"" java.lang.NoClassDefFoundError: com/google/gson/GsonBuilder","0"
"session_20260413_125609_d91c9cff","2026-04-13","java","both","<bridge-startup>","false","true","false","No escaping references detected","Runtime Crash: Exception in thread ""main"" java.lang.NoClassDefFoundError: com/google/gson/GsonBuilder","0"
"session_20260413_125610_3ba4e71e","2026-04-13","java","both","<bridge-startup>","false","true","true","No escaping references detected","Runtime Crash: Exception in thread ""main"" java.lang.NoClassDefFoundError: com/google/gson/GsonBuilder","0"
"session_20260413_125610_5c55c21e","2026-04-13","java","both","<bridge-startup>","false","true","true","No escaping references detected","Runtime Crash: Exception in thread ""main"" java.lang.NoClassDefFoundError: com/google/gson/GsonBuilder","0"
"session_20260413_125610_b1f97cf1","2026-04-13","java","both","<bridge-startup>","false","true","true","No escaping references detected","Runtime Crash: Exception in thread ""main"" java.lang.NoClassDefFoundError: com/google/gson/GsonBuilder","0"
"session_20260413_125611_82714b53","2026-04-13","java","both","<bridge-startup>","false","true","true","No escaping references detected","Runtime Crash: Exception in thread ""main"" java.lang.NoClassDefFoundError: com/google/gson/GsonBuilder","0"
"session_20260413_125611_b2517f3f","2026-04-13","java","both","<bridge-startup>","false","true","false","No escaping references detected","Runtime Crash: Exception in thread ""main"" java.lang.NoClassDefFoundError: com/google/gson/GsonBuilder","0"
"session_20260413_125611_ded3b07a","2026-04-13","java","both","<bridge-startup>","false","true","false","No escaping references detected","Runtime Crash: Exception in thread ""main"" java.lang.NoClassDefFoundError: com/google/gson/GsonBuilder","0"
"session_20260413_125612_802c878f","2026-04-13","java","both","<bridge-startup>","false","true","false","No escaping references detected","Runtime Crash: Exception in thread ""main"" java.lang.NoClassDefFoundError: com/google/gson/GsonBuilder","0"
"session_20260413_125612_ef7b801f","2026-04-13","java","both","<bridge-startup>","false","true","false","No escaping references detected","Runtime Crash: Exception in thread ""main"" java.lang.NoClassDefFoundError: com/google/gson/GsonBuilder","0"
"session_20260413_125613_068a0bde","2026-04-13","java","both","<bridge-startup>","false","true","false","No escaping references detected","Runtime Crash: Exception in thread ""main"" java.lang.NoClassDefFoundError: com/google/gson/GsonBuilder","0"
"session_20260413_125614_127cc864","2026-04-13","java","both","<bridge-startup>","false","true","true","No escaping references detected","Runtime Crash: Exception in thread ""main"" java.lang.NoClassDefFoundError: com/google/gson/GsonBuilder","0"
"session_20260413_125615_ad151632","2026-04-13","java","both","<bridge-startup>","false","true","true","No escaping references detected","Runtime Crash: Exception in thread ""main"" java.lang.NoClassDefFoundError: com/google/gson/GsonBuilder","0"
"session_20260413_125615_b1a5789b","2026-04-13","java","both","<bridge-startup>","false","true","true","No escaping references detected","Runtime Crash: Exception in thread ""main"" java.lang.NoClassDefFoundError: com/google/gson/GsonBuilder","0"
"session_20260413_125616_63531683","2026-04-13","java","both","<bridge-startup>","false","true","true","No escaping references detected","Runtime Crash: Exception in thread ""main"" java.lang.NoClassDefFoundError: com/google/gson/GsonBuilder","0"
"session_20260413_125616_715d0800","2026-04-13","java","both","<bridge-startup>","false","true","false","No escaping references detected","Runtime Crash: Exception in thread ""main"" java.lang.NoClassDefFoundError: com/google/gson/GsonBuilder","0"
"session_20260413_125616_995b3765","2026-04-13","java","both","<bridge-startup>","false","true","false","No escaping references detected","Runtime Crash: Exception in thread ""main"" java.lang.NoClassDefFoundError: com/google/gson/GsonBuilder","0"
"session_20260413_125617_3381749e","2026-04-13","java","both","<bridge-startup>","false","true","false","No escaping references detected","Runtime Crash: Exception in thread ""main"" java.lang.NoClassDefFoundError: com/google/gson/GsonBuilder","0"
"session_20260413_125617_d4bb9051","2026-04-13","java","both","<bridge-startup>","false","true","false","No escaping references detected","Runtime Crash: Exception in thread ""main"" java.lang.NoClassDefFoundError: com/google/gson/GsonBuilder","0"
"session_20260413_125617_dce36d4e","2026-04-13","java","both","<bridge-startup>","false","true","false","No escaping references detected","Runtime Crash: Exception in thread ""main"" java.lang.NoClassDefFoundError: com/google/gson/GsonBuilder","0"
"session_20260413_125618_79809a62","2026-04-13","java","both","<bridge-startup>","false","true","true","No escaping references detected","Runtime Crash: Exception in thread ""main"" java.lang.NoClassDefFoundError: com/google/gson/GsonBuilder","0"
"session_20260413_125618_98e1830a","2026-04-13","java","both","<bridge-startup>","false","true","true","No escaping references detected","Runtime Crash: Exception in thread ""main"" java.lang.NoClassDefFoundError: com/google/gson/GsonBuilder","0"
"session_20260413_125618_abfde40f","2026-04-13","java","both","<bridge-startup>","false","true","true","No escaping references detected","Runtime Crash: Exception in thread ""main"" java.lang.NoClassDefFoundError: com/google/gson/GsonBuilder","0"
"session_20260413_125619_12e74fc1","2026-04-13","java","both","<bridge-startup>","false","true","false","No escaping references detected","Runtime Crash: Exception in thread ""main"" java.lang.NoClassDefFoundError: com/google/gson/GsonBuilder","0"
"session_20260413_125619_6e2daa81","2026-04-13","java","both","<bridge-startup>","false","true","true","No escaping references detected","Runtime Crash: Exception in thread ""main"" java.lang.NoClassDefFoundError: com/google/gson/GsonBuilder","0"
"session_20260413_125619_8be73a5b","2026-04-13","java","both","<bridge-startup>","false","true","false","No escaping references detected","Runtime Crash: Exception in thread ""main"" java.lang.NoClassDefFoundError: com/google/gson/GsonBuilder","0"
"session_20260413_125620_01dda0ea","2026-04-13","java","both","<bridge-startup>","false","true","false","No escaping references detected","Runtime Crash: Exception in thread ""main"" java.lang.NoClassDefFoundError: com/google/gson/GsonBuilder","0"
"session_20260413_125620_58e2d468","2026-04-13","java","both","<bridge-startup>","false","true","false","No escaping references detected","Runtime Crash: Exception in thread ""main"" java.lang.NoClassDefFoundError: com/google/gson/GsonBuilder","0"
"session_20260413_125620_76035351","2026-04-13","java","both","<bridge-startup>","false","true","false","No escaping references detected","Runtime Crash: Exception in thread ""main"" java.lang.NoClassDefFoundError: com/google/gson/GsonBuilder","0"
"session_20260413_125621_4ee0039d","2026-04-13","java","both","<bridge-startup>","false","true","true","No escaping references detected","Runtime Crash: Exception in thread ""main"" java.lang.NoClassDefFoundError: com/google/gson/GsonBuilder","0"
"session_20260413_125621_ae88c4fe","2026-04-13","java","both","<bridge-startup>","false","true","true","No escaping references detected","Runtime Crash: Exception in thread ""main"" java.lang.NoClassDefFoundError: com/google/gson/GsonBuilder","0"
"session_20260413_125621_f516e888","2026-04-13","java","both","<bridge-startup>","false","true","true","No escaping references detected","Runtime Crash: Exception in thread ""main"" java.lang.NoClassDefFoundError: com/google/gson/GsonBuilder","0"
"session_20260413_125622_1a49d7ae","2026-04-13","java","both","<bridge-startup>","false","true","false","No escaping references detected","Runtime Crash: Exception in thread ""main"" java.lang.NoClassDefFoundError: com/google/gson/GsonBuilder","0"
"session_20260413_125622_a9673b5a","2026-04-13","java","both","<bridge-startup>","false","true","false","No escaping references detected","Runtime Crash: Exception in thread ""main"" java.lang.NoClassDefFoundError: com/google/gson/GsonBuilder","0"
"session_20260413_125622_e2ad19af","2026-04-13","java","both","<bridge-startup>","false","true","true","No escaping references detected","Runtime Crash: Exception in thread ""main"" java.lang.NoClassDefFoundError: com/google/gson/GsonBuilder","0"
"session_20260413_125623_7a9b7eaf","2026-04-13","java","both","<bridge-startup>","false","true","false","No escaping references detected","Runtime Crash: Exception in thread ""main"" java.lang.NoClassDefFoundError: com/google/gson/GsonBuilder","0"
"session_20260413_125623_7ed9d251","2026-04-13","java","both","<bridge-startup>","false","true","false","No escaping references detected","Runtime Crash: Exception in thread ""main"" java.lang.NoClassDefFoundError: com/google/gson/GsonBuilder","0"
"session_20260413_125623_be9e2eaf","2026-04-13","java","both","<bridge-startup>","false","true","false","No escaping references detected","Runtime Crash: Exception in thread ""main"" java.lang.NoClassDefFoundError: com/google/gson/GsonBuilder","0"
"session_20260413_125624_57ab2989","2026-04-13","java","both","<bridge-startup>","false","true","true","No escaping references detected","Runtime Crash: Exception in thread ""main"" java.lang.NoClassDefFoundError: com/google/gson/GsonBuilder","0"
"session_20260413_125624_8f33603c","2026-04-13","java","both","<bridge-startup>","false","true","true","No escaping references detected","Runtime Crash: Exception in thread ""main"" java.lang.NoClassDefFoundError: com/google/gson/GsonBuilder","0"
"session_20260413_125624_95f6a6dd","2026-04-13","java","both","<bridge-startup>","false","true","true","No escaping references detected","Runtime Crash: Exception in thread ""main"" java.lang.NoClassDefFoundError: com/google/gson/GsonBuilder","0"
"session_20260413_125625_7adbb401","2026-04-13","java","both","<bridge-startup>","false","true","true","No escaping references detected","Runtime Crash: Exception in thread ""main"" java.lang.NoClassDefFoundError: com/google/gson/GsonBuilder","0"
"session_20260413_125625_c5d58376","2026-04-13","java","both","<bridge-startup>","false","true","true","No escaping references detected","Runtime Crash: Exception in thread ""main"" java.lang.NoClassDefFoundError: com/google/gson/GsonBuilder","0"
"session_20260413_125625_d6e55b33","2026-04-13","java","both","<bridge-startup>","false","true","false","No escaping references detected","Runtime Crash: Exception in thread ""main"" java.lang.NoClassDefFoundError: com/google/gson/GsonBuilder","0"
"session_20260413_125626_21c6490f","2026-04-13","java","both","<bridge-startup>","false","true","false","No escaping references detected","Runtime Crash: Exception in thread ""main"" java.lang.NoClassDefFoundError: com/google/gson/GsonBuilder","0"
"session_20260413_125626_750268b2","2026-04-13","java","both","<bridge-startup>","false","true","false","No escaping references detected","Runtime Crash: Exception in thread ""main"" java.lang.NoClassDefFoundError: com/google/gson/GsonBuilder","0"
"session_20260413_125626_ec1a14d2","2026-04-13","java","both","<bridge-startup>","false","true","false","No escaping references detected","Runtime Crash: Exception in thread ""main"" java.lang.NoClassDefFoundError: com/google/gson/GsonBuilder","0"
"session_20260413_125627_29f703da","2026-04-13","java","both","<bridge-startup>","false","true","false","No escaping references detected","Runtime Crash: Exception in thread ""main"" java.lang.NoClassDefFoundError: com/google/gson/GsonBuilder","0"
"session_20260413_125627_54480cf6","2026-04-13","java","both","<bridge-startup>","false","true","false","No escaping references detected","Runtime Crash: Exception in thread ""main"" java.lang.NoClassDefFoundError: com/google/gson/GsonBuilder","0"
"session_20260413_125627_85c1978c","2026-04-13","java","both","<bridge-startup>","false","true","true","No escaping references detected","Runtime Crash: Exception in thread ""main"" java.lang.NoClassDefFoundError: com/google/gson/GsonBuilder","0"
"session_20260413_125628_3bf7259a","2026-04-13","java","both","<bridge-startup>","false","true","true","No escaping references detected","Runtime Crash: Exception in thread ""main"" java.lang.NoClassDefFoundError: com/google/gson/GsonBuilder","0"
"session_20260413_125628_42b01b29","2026-04-13","java","both","<bridge-startup>","false","true","true","No escaping references detected","Runtime Crash: Exception in thread ""main"" java.lang.NoClassDefFoundError: com/google/gson/GsonBuilder","0"
"session_20260413_125628_6342144b","2026-04-13","java","both","<bridge-startup>","false","true","true","No escaping references detected","Runtime Crash: Exception in thread ""main"" java.lang.NoClassDefFoundError: com/google/gson/GsonBuilder","0"
"session_20260413_125629_54174910","2026-04-13","java","both","<bridge-startup>","false","true","false","No escaping references detected","Runtime Crash: Exception in thread ""main"" java.lang.NoClassDefFoundError: com/google/gson/GsonBuilder","0"
"session_20260413_125629_c621395e","2026-04-13","java","both","<bridge-startup>","false","true","false","No escaping references detected","Runtime Crash: Exception in thread ""main"" java.lang.NoClassDefFoundError: com/google/gson/GsonBuilder","0"
"session_20260413_125629_c6ead508","2026-04-13","java","both","<bridge-startup>","false","true","true","No escaping references detected","Runtime Crash: Exception in thread ""main"" java.lang.NoClassDefFoundError: com/google/gson/GsonBuilder","0"
"session_20260413_125630_65e899f5","2026-04-13","java","both","<bridge-startup>","false","true","false","No escaping references detected","Runtime Crash: Exception in thread ""main"" java.lang.NoClassDefFoundError: com/google/gson/GsonBuilder","0"
"session_20260413_125630_a17f185e","2026-04-13","java","both","<bridge-startup>","false","true","false","No escaping references detected","Runtime Crash: Exception in thread ""main"" java.lang.NoClassDefFoundError: com/google/gson/GsonBuilder","0"
"session_20260413_125631_1f3fee52","2026-04-13","java","both","<bridge-startup>","false","true","false","No escaping references detected","Runtime Crash: Exception in thread ""main"" java.lang.NoClassDefFoundError: com/google/gson/GsonBuilder","0"
"session_20260413_125631_3a32a469","2026-04-13","java","both","<bridge-startup>","false","true","false","No escaping references detected","Runtime Crash: Exception in thread ""main"" java.lang.NoClassDefFoundError: com/google/gson/GsonBuilder","0"
"session_20260413_125631_7e6e6775","2026-04-13","java","both","<bridge-startup>","false","true","true","No escaping references detected","Runtime Crash: Exception in thread ""main"" java.lang.NoClassDefFoundError: com/google/gson/GsonBuilder","0"
"session_20260413_125632_04ca2273","2026-04-13","java","both","<bridge-startup>","false","true","true","No escaping references detected","Runtime Crash: Exception in thread ""main"" java.lang.NoClassDefFoundError: com/google/gson/GsonBuilder","0"
"session_20260413_125632_7f4644b7","2026-04-13","java","both","<bridge-startup>","false","true","true","No escaping references detected","Runtime Crash: Exception in thread ""main"" java.lang.NoClassDefFoundError: com/google/gson/GsonBuilder","0"
"session_20260413_125632_df8ca8c9","2026-04-13","java","both","<bridge-startup>","false","true","true","No escaping references detected","Runtime Crash: Exception in thread ""main"" java.lang.NoClassDefFoundError: com/google/gson/GsonBuilder","0"
"session_20260413_125633_4fdcab49","2026-04-13","java","both","<bridge-startup>","false","true","false","No escaping references detected","Runtime Crash: Exception in thread ""main"" java.lang.NoClassDefFoundError: com/google/gson/GsonBuilder","0"
"session_20260413_125633_e26ef479","2026-04-13","java","both","<bridge-startup>","false","true","true","No escaping references detected","Runtime Crash: Exception in thread ""main"" java.lang.NoClassDefFoundError: com/google/gson/GsonBuilder","0"
"session_20260413_125633_fcd2f094","2026-04-13","java","both","<bridge-startup>","false","true","false","No escaping references detected","Runtime Crash: Exception in thread ""main"" java.lang.NoClassDefFoundError: com/google/gson/GsonBuilder","0"
"session_20260413_125634_91c8a1d6","2026-04-13","java","both","<bridge-startup>","false","true","false","No escaping references detected","Runtime Crash: Exception in thread ""main"" java.lang.NoClassDefFoundError: com/google/gson/GsonBuilder","0"
"session_20260413_125634_bfa53963","2026-04-13","java","both","<bridge-startup>","false","true","false","No escaping references detected","Runtime Crash: Exception in thread ""main"" java.lang.NoClassDefFoundError: com/google/gson/GsonBuilder","0"
"session_20260413_125634_f65f7bc6","2026-04-13","java","both","<bridge-startup>","false","true","false","No escaping references detected","Runtime Crash: Exception in thread ""main"" java.lang.NoClassDefFoundError: com/google/gson/GsonBuilder","0"
"session_20260413_125635_4de329a0","2026-04-13","java","both","<bridge-startup>","false","true","true","No escaping references detected","Runtime Crash: Exception in thread ""main"" java.lang.NoClassDefFoundError: com/google/gson/GsonBuilder","0"
"session_20260413_125635_62900517","2026-04-13","java","both","<bridge-startup>","false","true","false","No escaping references detected","Runtime Crash: Exception in thread ""main"" java.lang.NoClassDefFoundError: com/google/gson/GsonBuilder","0"
"session_20260413_125635_d6ea6103","2026-04-13","java","both","<bridge-startup>","false","true","true","No escaping references detected","Runtime Crash: Exception in thread ""main"" java.lang.NoClassDefFoundError: com/google/gson/GsonBuilder","0"
"session_20260413_125636_1689f600","2026-04-13","java","both","<bridge-startup>","false","true","true","No escaping references detected","Runtime Crash: Exception in thread ""main"" java.lang.NoClassDefFoundError: com/google/gson/GsonBuilder","0"
"session_20260413_125636_1f46183d","2026-04-13","java","both","<bridge-startup>","false","true","true","No escaping references detected","Runtime Crash: Exception in thread ""main"" java.lang.NoClassDefFoundError: com/google/gson/GsonBuilder","0"
"session_20260413_125636_4aa0a4ba","2026-04-13","java","both","<bridge-startup>","false","true","true","No escaping references detected","Runtime Crash: Exception in thread ""main"" java.lang.NoClassDefFoundError: com/google/gson/GsonBuilder","0"
"session_20260413_125637_4d330009","2026-04-13","java","both","<bridge-startup>","false","true","false","No escaping references detected","Runtime Crash: Exception in thread ""main"" java.lang.NoClassDefFoundError: com/google/gson/GsonBuilder","0"
"session_20260413_125637_711622a0","2026-04-13","java","both","<bridge-startup>","false","true","false","No escaping references detected","Runtime Crash: Exception in thread ""main"" java.lang.NoClassDefFoundError: com/google/gson/GsonBuilder","0"
"session_20260413_125638_3feef009","2026-04-13","java","both","<bridge-startup>","false","true","false","No escaping references detected","Runtime Crash: Exception in thread ""main"" java.lang.NoClassDefFoundError: com/google/gson/GsonBuilder","0"
"session_20260413_125638_b63fd461","2026-04-13","java","both","<bridge-startup>","false","true","false","No escaping references detected","Runtime Crash: Exception in thread ""main"" java.lang.NoClassDefFoundError: com/google/gson/GsonBuilder","0"
"session_20260413_125638_ee8ef470","2026-04-13","java","both","<bridge-startup>","false","true","false","No escaping references detected","Runtime Crash: Exception in thread ""main"" java.lang.NoClassDefFoundError: com/google/gson/GsonBuilder","0"
"session_20260413_125639_2900928c","2026-04-13","java","both","<bridge-startup>","false","true","true","No escaping references detected","Runtime Crash: Exception in thread ""main"" java.lang.NoClassDefFoundError: com/google/gson/GsonBuilder","0"
"session_20260413_125639_487704b6","2026-04-13","java","both","<bridge-startup>","false","true","false","No escaping references detected","Runtime Crash: Exception in thread ""main"" java.lang.NoClassDefFoundError: com/google/gson/GsonBuilder","0"
"session_20260413_125639_e5d8fd3e","2026-04-13","java","both","<bridge-startup>","false","true","true","No escaping references detected","Runtime Crash: Exception in thread ""main"" java.lang.NoClassDefFoundError: com/google/gson/GsonBuilder","0"
"session_20260413_125640_0403e838","2026-04-13","java","both","<bridge-startup>","false","true","true","No escaping references detected","Runtime Crash: Exception in thread ""main"" java.lang.NoClassDefFoundError: com/google/gson/GsonBuilder","0"
"session_20260413_125640_2b4eca93","2026-04-13","java","both","<bridge-startup>","false","true","true","No escaping references detected","Runtime Crash: Exception in thread ""main"" java.lang.NoClassDefFoundError: com/google/gson/GsonBuilder","0"
"session_20260413_125640_70a9481b","2026-04-13","java","both","<bridge-startup>","false","true","true","No escaping references detected","Runtime Crash: Exception in thread ""main"" java.lang.NoClassDefFoundError: com/google/gson/GsonBuilder","0"
"session_20260413_125641_b7bfee2f","2026-04-13","java","both","<bridge-startup>","false","true","false","No escaping references detected","Runtime Crash: Exception in thread ""main"" java.lang.NoClassDefFoundError: com/google/gson/GsonBuilder","0"
"session_20260413_125641_ba464a4d","2026-04-13","java","both","<bridge-startup>","false","true","false","No escaping references detected","Runtime Crash: Exception in thread ""main"" java.lang.NoClassDefFoundError: com/google/gson/GsonBuilder","0"
"session_20260413_125641_d685bed0","2026-04-13","java","both","<bridge-startup>","false","true","false","No escaping references detected","Runtime Crash: Exception in thread ""main"" java.lang.NoClassDefFoundError: com/google/gson/GsonBuilder","0"
"session_20260413_125642_9ef39c4e","2026-04-13","java","both","<bridge-startup>","false","true","false","No escaping references detected","Runtime Crash: Exception in thread ""main"" java.lang.NoClassDefFoundError: com/google/gson/GsonBuilder","0"
"session_20260413_125642_b9ab5a5d","2026-04-13","java","both","<bridge-startup>","false","true","false","No escaping references detected","Runtime Crash: Exception in thread ""main"" java.lang.NoClassDefFoundError: com/google/gson/GsonBuilder","0"
"session_20260413_125642_fde2d08f","2026-04-13","java","both","<bridge-startup>","false","true","false","No escaping references detected","Runtime Crash: Exception in thread ""main"" java.lang.NoClassDefFoundError: com/google/gson/GsonBuilder","0"
"session_20260413_125643_aeb1c8d2","2026-04-13","java","both","<bridge-startup>","false","true","true","No escaping references detected","Runtime Crash: Exception in thread ""main"" java.lang.NoClassDefFoundError: com/google/gson/GsonBuilder","0"
"session_20260413_125643_c5bb20a6","2026-04-13","java","both","<bridge-startup>","false","true","true","No escaping references detected","Runtime Crash: Exception in thread ""main"" java.lang.NoClassDefFoundError: com/google/gson/GsonBuilder","0"
"session_20260413_125643_f69bde46","2026-04-13","java","both","<bridge-startup>","false","true","true","No escaping references detected","Runtime Crash: Exception in thread ""main"" java.lang.NoClassDefFoundError: com/google/gson/GsonBuilder","0"
"session_20260413_125644_19c5e4ac","2026-04-13","java","both","<bridge-startup>","false","true","true","No escaping references detected","Runtime Crash: Exception in thread ""main"" java.lang.NoClassDefFoundError: com/google/gson/GsonBuilder","0"
"session_20260413_125644_b2129651","2026-04-13","java","both","<bridge-startup>","false","true","false","No escaping references detected","Runtime Crash: Exception in thread ""main"" java.lang.NoClassDefFoundError: com/google/gson/GsonBuilder","0"
"session_20260413_125644_ea6a9fe3","2026-04-13","java","both","<bridge-startup>","false","true","true","No escaping references detected","Runtime Crash: Exception in thread ""main"" java.lang.NoClassDefFoundError: com/google/gson/GsonBuilder","0"
"session_20260413_125645_061a812b","2026-04-13","java","both","<bridge-startup>","false","true","false","No escaping references detected","Runtime Crash: Exception in thread ""main"" java.lang.NoClassDefFoundError: com/google/gson/GsonBuilder","0"
"session_20260413_125645_351e1404","2026-04-13","java","both","<bridge-startup>","false","true","false","No escaping references detected","Runtime Crash: Exception in thread ""main"" java.lang.NoClassDefFoundError: com/google/gson/GsonBuilder","0"
"session_20260413_125645_4dc68398","2026-04-13","java","both","<bridge-startup>","false","true","false","No escaping references detected","Runtime Crash: Exception in thread ""main"" java.lang.NoClassDefFoundError: com/google/gson/GsonBuilder","0"
"session_20260413_125646_256afefc","2026-04-13","java","both","<bridge-startup>","false","true","false","No escaping references detected","Runtime Crash: Exception in thread ""main"" java.lang.NoClassDefFoundError: com/google/gson/GsonBuilder","0"
"session_20260413_125646_d6358d6c","2026-04-13","java","both","<bridge-startup>","false","true","false","No escaping references detected","Runtime Crash: Exception in thread ""main"" java.lang.NoClassDefFoundError: com/google/gson/GsonBuilder","0"
"session_20260413_125646_e99e0832","2026-04-13","java","both","<bridge-startup>","false","true","true","No escaping references detected","Runtime Crash: Exception in thread ""main"" java.lang.NoClassDefFoundError: com/google/gson/GsonBuilder","0"
"session_20260413_125647_281a5102","2026-04-13","java","both","<bridge-startup>","false","true","true","No escaping references detected","Runtime Crash: Exception in thread ""main"" java.lang.NoClassDefFoundError: com/google/gson/GsonBuilder","0"
"session_20260413_125647_6b42cb24","2026-04-13","java","both","<bridge-startup>","false","true","true","No escaping references detected","Runtime Crash: Exception in thread ""main"" java.lang.NoClassDefFoundError: com/google/gson/GsonBuilder","0"
"session_20260413_125647_ae7a28d4","2026-04-13","java","both","<bridge-startup>","false","true","true","No escaping references detected","Runtime Crash: Exception in thread ""main"" java.lang.NoClassDefFoundError: com/google/gson/GsonBuilder","0"
"session_20260413_125648_09cc6f9d","2026-04-13","java","both","<bridge-startup>","false","true","false","No escaping references detected","Runtime Crash: Exception in thread ""main"" java.lang.NoClassDefFoundError: com/google/gson/GsonBuilder","0"
"session_20260413_125648_66a7a03a","2026-04-13","java","both","<bridge-startup>","false","true","true","No escaping references detected","Runtime Crash: Exception in thread ""main"" java.lang.NoClassDefFoundError: com/google/gson/GsonBuilder","0"
"session_20260413_125649_03bf21fd","2026-04-13","java","both","<bridge-startup>","false","true","false","No escaping references detected","Runtime Crash: Exception in thread ""main"" java.lang.NoClassDefFoundError: com/google/gson/GsonBuilder","0"
"session_20260413_125649_6cc0af94","2026-04-13","java","both","<bridge-startup>","false","true","false","No escaping references detected","Runtime Crash: Exception in thread ""main"" java.lang.NoClassDefFoundError: com/google/gson/GsonBuilder","0"
"session_20260413_125649_90109094","2026-04-13","java","both","<bridge-startup>","false","true","false","No escaping references detected","Runtime Crash: Exception in thread ""main"" java.lang.NoClassDefFoundError: com/google/gson/GsonBuilder","0"
"session_20260413_125650_3353cd9a","2026-04-13","java","both","<bridge-startup>","false","true","false","No escaping references detected","Runtime Crash: Exception in thread ""main"" java.lang.NoClassDefFoundError: com/google/gson/GsonBuilder","0"
"session_20260413_125650_b22c3e91","2026-04-13","java","both","<bridge-startup>","false","true","false","No escaping references detected","Runtime Crash: Exception in thread ""main"" java.lang.NoClassDefFoundError: com/google/gson/GsonBuilder","0"
"session_20260413_125650_c9369cdb","2026-04-13","java","both","<bridge-startup>","false","true","true","No escaping references detected","Runtime Crash: Exception in thread ""main"" java.lang.NoClassDefFoundError: com/google/gson/GsonBuilder","0"
"session_20260413_125651_33fe01b8","2026-04-13","java","both","<bridge-startup>","false","true","true","No escaping references detected","Runtime Crash: Exception in thread ""main"" java.lang.NoClassDefFoundError: com/google/gson/GsonBuilder","0"
"session_20260413_125651_6a77291d","2026-04-13","java","both","<bridge-startup>","false","true","true","No escaping references detected","Runtime Crash: Exception in thread ""main"" java.lang.NoClassDefFoundError: com/google/gson/GsonBuilder","0"
"session_20260413_125651_c1a81498","2026-04-13","java","both","<bridge-startup>","false","true","true","No escaping references detected","Runtime Crash: Exception in thread ""main"" java.lang.NoClassDefFoundError: com/google/gson/GsonBuilder","0"
"session_20260413_125652_4e7936dc","2026-04-13","java","both","<bridge-startup>","false","true","false","No escaping references detected","Runtime Crash: Exception in thread ""main"" java.lang.NoClassDefFoundError: com/google/gson/GsonBuilder","0"
"session_20260413_125652_5bcb5286","2026-04-13","java","both","<bridge-startup>","false","true","false","No escaping references detected","Runtime Crash: Exception in thread ""main"" java.lang.NoClassDefFoundError: com/google/gson/GsonBuilder","0"
"session_20260413_125652_7d2eff0e","2026-04-13","java","both","<bridge-startup>","false","true","true","No escaping references detected","Runtime Crash: Exception in thread ""main"" java.lang.NoClassDefFoundError: com/google/gson/GsonBuilder","0"
"session_20260413_125653_76e27163","2026-04-13","java","both","<bridge-startup>","false","true","false","No escaping references detected","Runtime Crash: Exception in thread ""main"" java.lang.NoClassDefFoundError: com/google/gson/GsonBuilder","0"
"session_20260413_125653_88e6d6d2","2026-04-13","java","both","<bridge-startup>","false","true","false","No escaping references detected","Runtime Crash: Exception in thread ""main"" java.lang.NoClassDefFoundError: com/google/gson/GsonBuilder","0"
"session_20260413_125653_9cfdef82","2026-04-13","java","both","<bridge-startup>","false","true","false","No escaping references detected","Runtime Crash: Exception in thread ""main"" java.lang.NoClassDefFoundError: com/google/gson/GsonBuilder","0"
"session_20260413_125654_3384607e","2026-04-13","java","both","<bridge-startup>","false","true","false","No escaping references detected","Runtime Crash: Exception in thread ""main"" java.lang.NoClassDefFoundError: com/google/gson/GsonBuilder","0"
"session_20260413_125654_402ad234","2026-04-13","java","both","<bridge-startup>","false","true","true","No escaping references detected","Runtime Crash: Exception in thread ""main"" java.lang.NoClassDefFoundError: com/google/gson/GsonBuilder","0"
"session_20260413_125654_6f1b8191","2026-04-13","java","both","<bridge-startup>","false","true","true","No escaping references detected","Runtime Crash: Exception in thread ""main"" java.lang.NoClassDefFoundError: com/google/gson/GsonBuilder","0"
"session_20260413_125655_4e9690c3","2026-04-13","java","both","<bridge-startup>","false","true","true","No escaping references detected","Runtime Crash: Exception in thread ""main"" java.lang.NoClassDefFoundError: com/google/gson/GsonBuilder","0"
"session_20260413_125655_60f2e4f2","2026-04-13","java","both","<bridge-startup>","false","true","true","No escaping references detected","Runtime Crash: Exception in thread ""main"" java.lang.NoClassDefFoundError: com/google/gson/GsonBuilder","0"
"session_20260413_125655_e1a84fe2","2026-04-13","java","both","<bridge-startup>","false","true","true","No escaping references detected","Runtime Crash: Exception in thread ""main"" java.lang.NoClassDefFoundError: com/google/gson/GsonBuilder","0"
"session_20260413_125656_651da4b2","2026-04-13","java","both","<bridge-startup>","false","true","true","No escaping references detected","Runtime Crash: Exception in thread ""main"" java.lang.NoClassDefFoundError: com/google/gson/GsonBuilder","0"
"session_20260413_125446_2407622e","2026-04-13","java","dynamic","<bridge-startup>","false","true","true","No escaping references detected","Runtime Crash: Exception in thread ""main"" java.lang.NoClassDefFoundError: com/google/gson/GsonBuilder","0"
"session_20260413_125446_6988e919","2026-04-13","java","dynamic","<bridge-startup>","false","true","true","No escaping references detected","Runtime Crash: Exception in thread ""main"" java.lang.NoClassDefFoundError: com/google/gson/GsonBuilder","0"
"session_20260413_125446_9e6574f7","2026-04-13","java","dynamic","<bridge-startup>","false","true","true","No escaping references detected","Runtime Crash: Exception in thread ""main"" java.lang.NoClassDefFoundError: com/google/gson/GsonBuilder","0"
"session_20260413_125446_b68f9c79","2026-04-13","java","dynamic","<bridge-startup>","false","true","true","No escaping references detected","Runtime Crash: Exception in thread ""main"" java.lang.NoClassDefFoundError: com/google/gson/GsonBuilder","0"
"session_20260413_125447_03eb7dbb","2026-04-13","java","dynamic","<bridge-startup>","false","true","true","No escaping references detected","Runtime Crash: Exception in thread ""main"" java.lang.NoClassDefFoundError: com/google/gson/GsonBuilder","0"
"session_20260413_125447_151f2438","2026-04-13","java","dynamic","<bridge-startup>","false","true","true","No escaping references detected","Runtime Crash: Exception in thread ""main"" java.lang.NoClassDefFoundError: com/google/gson/GsonBuilder","0"
"session_20260413_125447_1ed9d152","2026-04-13","java","dynamic","<bridge-startup>","false","true","true","No escaping references detected","Runtime Crash: Exception in thread ""main"" java.lang.NoClassDefFoundError: com/google/gson/GsonBuilder","0"
"session_20260413_125447_6939cb91","2026-04-13","java","dynamic","<bridge-startup>","false","true","true","No escaping references detected","Runtime Crash: Exception in thread ""main"" java.lang.NoClassDefFoundError: com/google/gson/GsonBuilder","0"
"session_20260413_125447_8fae1728","2026-04-13","java","dynamic","<bridge-startup>","false","true","true","No escaping references detected","Runtime Crash: Exception in thread ""main"" java.lang.NoClassDefFoundError: com/google/gson/GsonBuilder","0"
"session_20260413_125447_b55c83e5","2026-04-13","java","dynamic","<bridge-startup>","false","true","false","No escaping references detected","Runtime Crash: Exception in thread ""main"" java.lang.NoClassDefFoundError: com/google/gson/GsonBuilder","0"
"session_20260413_125447_bb08d2ea","2026-04-13","java","dynamic","<bridge-startup>","false","true","false","No escaping references detected","Runtime Crash: Exception in thread ""main"" java.lang.NoClassDefFoundError: com/google/gson/GsonBuilder","0"
"session_20260413_125447_bd7521ef","2026-04-13","java","dynamic","<bridge-startup>","false","true","true","No escaping references detected","Runtime Crash: Exception in thread ""main"" java.lang.NoClassDefFoundError: com/google/gson/GsonBuilder","0"
"session_20260413_125447_beace9f6","2026-04-13","java","dynamic","<bridge-startup>","false","true","true","No escaping references detected","Runtime Crash: Exception in thread ""main"" java.lang.NoClassDefFoundError: com/google/gson/GsonBuilder","0"
"session_20260413_125447_f3be6e27","2026-04-13","java","dynamic","<bridge-startup>","false","true","true","No escaping references detected","Runtime Crash: Exception in thread ""main"" java.lang.NoClassDefFoundError: com/google/gson/GsonBuilder","0"
"session_20260413_125448_1c4e1e5c","2026-04-13","java","dynamic","<bridge-startup>","false","true","false","No escaping references detected","Runtime Crash: Exception in thread ""main"" java.lang.NoClassDefFoundError: com/google/gson/GsonBuilder","0"
"session_20260413_125448_2ba9a031","2026-04-13","java","dynamic","<bridge-startup>","false","true","true","No escaping references detected","Runtime Crash: Exception in thread ""main"" java.lang.NoClassDefFoundError: com/google/gson/GsonBuilder","0"
"session_20260413_125448_369f0c66","2026-04-13","java","dynamic","<bridge-startup>","false","true","true","No escaping references detected","Runtime Crash: Exception in thread ""main"" java.lang.NoClassDefFoundError: com/google/gson/GsonBuilder","0"
"session_20260413_125448_705f3300","2026-04-13","java","dynamic","<bridge-startup>","false","true","true","No escaping references detected","Runtime Crash: Exception in thread ""main"" java.lang.NoClassDefFoundError: com/google/gson/GsonBuilder","0"
"session_20260413_125448_8bb0de58","2026-04-13","java","dynamic","<bridge-startup>","false","true","true","No escaping references detected","Runtime Crash: Exception in thread ""main"" java.lang.NoClassDefFoundError: com/google/gson/GsonBuilder","0"
"session_20260413_125448_9faefc68","2026-04-13","java","dynamic","<bridge-startup>","false","true","true","No escaping references detected","Runtime Crash: Exception in thread ""main"" java.lang.NoClassDefFoundError: com/google/gson/GsonBuilder","0"
"session_20260413_125448_a816f278","2026-04-13","java","dynamic","<bridge-startup>","false","true","true","No escaping references detected","Runtime Crash: Exception in thread ""main"" java.lang.NoClassDefFoundError: com/google/gson/GsonBuilder","0"
"session_20260413_125448_e26c6a5c","2026-04-13","java","dynamic","<bridge-startup>","false","true","true","No escaping references detected","Runtime Crash: Exception in thread ""main"" java.lang.NoClassDefFoundError: com/google/gson/GsonBuilder","0"
"session_20260413_125448_e7ca893f","2026-04-13","java","dynamic","<bridge-startup>","false","true","true","No escaping references detected","Runtime Crash: Exception in thread ""main"" java.lang.NoClassDefFoundError: com/google/gson/GsonBuilder","0"
"session_20260413_125448_efa53cf6","2026-04-13","java","dynamic","<bridge-startup>","false","true","false","No escaping references detected","Runtime Crash: Exception in thread ""main"" java.lang.NoClassDefFoundError: com/google/gson/GsonBuilder","0"
"session_20260413_125449_0dadb5b5","2026-04-13","java","dynamic","<bridge-startup>","false","true","true","No escaping references detected","Runtime Crash: Exception in thread ""main"" java.lang.NoClassDefFoundError: com/google/gson/GsonBuilder","0"
"session_20260413_125449_20cf2caf","2026-04-13","java","dynamic","<bridge-startup>","false","true","true","No escaping references detected","Runtime Crash: Exception in thread ""main"" java.lang.NoClassDefFoundError: com/google/gson/GsonBuilder","0"
"session_20260413_125449_35c8935b","2026-04-13","java","dynamic","<bridge-startup>","false","true","true","No escaping references detected","Runtime Crash: Exception in thread ""main"" java.lang.NoClassDefFoundError: com/google/gson/GsonBuilder","0"
"session_20260413_125449_685c4d8d","2026-04-13","java","dynamic","<bridge-startup>","false","true","true","No escaping references detected","Runtime Crash: Exception in thread ""main"" java.lang.NoClassDefFoundError: com/google/gson/GsonBuilder","0"
"session_20260413_125449_73174131","2026-04-13","java","dynamic","<bridge-startup>","false","true","true","No escaping references detected","Runtime Crash: Exception in thread ""main"" java.lang.NoClassDefFoundError: com/google/gson/GsonBuilder","0"
"session_20260413_125449_96d7416a","2026-04-13","java","dynamic","<bridge-startup>","false","true","false","No escaping references detected","Runtime Crash: Exception in thread ""main"" java.lang.NoClassDefFoundError: com/google/gson/GsonBuilder","0"
"session_20260413_125449_d0490d7d","2026-04-13","java","dynamic","<bridge-startup>","false","true","true","No escaping references detected","Runtime Crash: Exception in thread ""main"" java.lang.NoClassDefFoundError: com/google/gson/GsonBuilder","0"
"session_20260413_125449_edb4e893","2026-04-13","java","dynamic","<bridge-startup>","false","true","false","No escaping references detected","Runtime Crash: Exception in thread ""main"" java.lang.NoClassDefFoundError: com/google/gson/GsonBuilder","0"
"session_20260413_125449_efcb247f","2026-04-13","java","dynamic","<bridge-startup>","false","true","true","No escaping references detected","Runtime Crash: Exception in thread ""main"" java.lang.NoClassDefFoundError: com/google/gson/GsonBuilder","0"
"session_20260413_125449_fd631b54","2026-04-13","java","dynamic","<bridge-startup>","false","true","true","No escaping references detected","Runtime Crash: Exception in thread ""main"" java.lang.NoClassDefFoundError: com/google/gson/GsonBuilder","0"
"session_20260413_125450_2447c52d","2026-04-13","java","dynamic","<bridge-startup>","false","true","false","No escaping references detected","Runtime Crash: Exception in thread ""main"" java.lang.NoClassDefFoundError: com/google/gson/GsonBuilder","0"
"session_20260413_125450_3903b483","2026-04-13","java","dynamic","<bridge-startup>","false","true","true","No escaping references detected","Runtime Crash: Exception in thread ""main"" java.lang.NoClassDefFoundError: com/google/gson/GsonBuilder","0"
"session_20260413_125450_4ec4b1f2","2026-04-13","java","dynamic","<bridge-startup>","false","true","true","No escaping references detected","Runtime Crash: Exception in thread ""main"" java.lang.NoClassDefFoundError: com/google/gson/GsonBuilder","0"
"session_20260413_125450_88666448","2026-04-13","java","dynamic","<bridge-startup>","false","true","false","No escaping references detected","Runtime Crash: Exception in thread ""main"" java.lang.NoClassDefFoundError: com/google/gson/GsonBuilder","0"
"session_20260413_125450_8b0bd40b","2026-04-13","java","dynamic","<bridge-startup>","false","true","true","No escaping references detected","Runtime Crash: Exception in thread ""main"" java.lang.NoClassDefFoundError: com/google/gson/GsonBuilder","0"
"session_20260413_125450_90add0ce","2026-04-13","java","dynamic","<bridge-startup>","false","true","true","No escaping references detected","Runtime Crash: Exception in thread ""main"" java.lang.NoClassDefFoundError: com/google/gson/GsonBuilder","0"
"session_20260413_125450_93fcadb5","2026-04-13","java","dynamic","<bridge-startup>","false","true","true","No escaping references detected","Runtime Crash: Exception in thread ""main"" java.lang.NoClassDefFoundError: com/google/gson/GsonBuilder","0"
"session_20260413_125450_9970662c","2026-04-13","java","dynamic","<bridge-startup>","false","true","true","No escaping references detected","Runtime Crash: Exception in thread ""main"" java.lang.NoClassDefFoundError: com/google/gson/GsonBuilder","0"
"session_20260413_125450_af4b15f5","2026-04-13","java","dynamic","<bridge-startup>","false","true","true","No escaping references detected","Runtime Crash: Exception in thread ""main"" java.lang.NoClassDefFoundError: com/google/gson/GsonBuilder","0"
"session_20260413_125450_e3418c04","2026-04-13","java","dynamic","<bridge-startup>","false","true","true","No escaping references detected","Runtime Crash: Exception in thread ""main"" java.lang.NoClassDefFoundError: com/google/gson/GsonBuilder","0"
"session_20260413_125451_0178fd63","2026-04-13","java","dynamic","<bridge-startup>","false","true","true","No escaping references detected","Runtime Crash: Exception in thread ""main"" java.lang.NoClassDefFoundError: com/google/gson/GsonBuilder","0"
"session_20260413_125451_055b421e","2026-04-13","java","dynamic","<bridge-startup>","false","true","true","No escaping references detected","Runtime Crash: Exception in thread ""main"" java.lang.NoClassDefFoundError: com/google/gson/GsonBuilder","0"
"session_20260413_125451_206a720c","2026-04-13","java","dynamic","<bridge-startup>","false","true","true","No escaping references detected","Runtime Crash: Exception in thread ""main"" java.lang.NoClassDefFoundError: com/google/gson/GsonBuilder","0"
"session_20260413_125451_222ab587","2026-04-13","java","dynamic","<bridge-startup>","false","true","false","No escaping references detected","Runtime Crash: Exception in thread ""main"" java.lang.NoClassDefFoundError: com/google/gson/GsonBuilder","0"
"session_20260413_125451_75bb61a7","2026-04-13","java","dynamic","<bridge-startup>","false","true","true","No escaping references detected","Runtime Crash: Exception in thread ""main"" java.lang.NoClassDefFoundError: com/google/gson/GsonBuilder","0"
"session_20260413_125451_7818d792","2026-04-13","java","dynamic","<bridge-startup>","false","true","true","No escaping references detected","Runtime Crash: Exception in thread ""main"" java.lang.NoClassDefFoundError: com/google/gson/GsonBuilder","0"
"session_20260413_125451_7a84007e","2026-04-13","java","dynamic","<bridge-startup>","false","true","false","No escaping references detected","Runtime Crash: Exception in thread ""main"" java.lang.NoClassDefFoundError: com/google/gson/GsonBuilder","0"
"session_20260413_125451_c4c23f40","2026-04-13","java","dynamic","<bridge-startup>","false","true","true","No escaping references detected","Runtime Crash: Exception in thread ""main"" java.lang.NoClassDefFoundError: com/google/gson/GsonBuilder","0"
"session_20260413_125451_f39d8a52","2026-04-13","java","dynamic","<bridge-startup>","false","true","true","No escaping references detected","Runtime Crash: Exception in thread ""main"" java.lang.NoClassDefFoundError: com/google/gson/GsonBuilder","0"
"session_20260413_125452_0039fe9e","2026-04-13","java","dynamic","<bridge-startup>","false","true","true","No escaping references detected","Runtime Crash: Exception in thread ""main"" java.lang.NoClassDefFoundError: com/google/gson/GsonBuilder","0"
"session_20260413_125452_01154e9d","2026-04-13","java","dynamic","<bridge-startup>","false","true","true","No escaping references detected","Runtime Crash: Exception in thread ""main"" java.lang.NoClassDefFoundError: com/google/gson/GsonBuilder","0"
"session_20260413_125452_2adab5b3","2026-04-13","java","dynamic","<bridge-startup>","false","true","true","No escaping references detected","Runtime Crash: Exception in thread ""main"" java.lang.NoClassDefFoundError: com/google/gson/GsonBuilder","0"
"session_20260413_125452_3bec9c25","2026-04-13","java","dynamic","<bridge-startup>","false","true","true","No escaping references detected","Runtime Crash: Exception in thread ""main"" java.lang.NoClassDefFoundError: com/google/gson/GsonBuilder","0"
"session_20260413_125452_4a1797cb","2026-04-13","java","dynamic","<bridge-startup>","false","true","true","No escaping references detected","Runtime Crash: Exception in thread ""main"" java.lang.NoClassDefFoundError: com/google/gson/GsonBuilder","0"
"session_20260413_125452_5f7018ca","2026-04-13","java","dynamic","<bridge-startup>","false","true","false","No escaping references detected","Runtime Crash: Exception in thread ""main"" java.lang.NoClassDefFoundError: com/google/gson/GsonBuilder","0"
"session_20260413_125452_776eb629","2026-04-13","java","dynamic","<bridge-startup>","false","true","true","No escaping references detected","Runtime Crash: Exception in thread ""main"" java.lang.NoClassDefFoundError: com/google/gson/GsonBuilder","0"
"session_20260413_125452_9b0453a6","2026-04-13","java","dynamic","<bridge-startup>","false","true","true","No escaping references detected","Runtime Crash: Exception in thread ""main"" java.lang.NoClassDefFoundError: com/google/gson/GsonBuilder","0"
"session_20260413_125452_9f87ac64","2026-04-13","java","dynamic","<bridge-startup>","false","true","false","No escaping references detected","Runtime Crash: Exception in thread ""main"" java.lang.NoClassDefFoundError: com/google/gson/GsonBuilder","0"
"session_20260413_125452_a0b5dbe9","2026-04-13","java","dynamic","<bridge-startup>","false","true","true","No escaping references detected","Runtime Crash: Exception in thread ""main"" java.lang.NoClassDefFoundError: com/google/gson/GsonBuilder","0"
"session_20260413_125452_ac62063d","2026-04-13","java","dynamic","<bridge-startup>","false","true","true","No escaping references detected","Runtime Crash: Exception in thread ""main"" java.lang.NoClassDefFoundError: com/google/gson/GsonBuilder","0"
"session_20260413_125453_013bbb75","2026-04-13","java","dynamic","<bridge-startup>","false","true","true","No escaping references detected","Runtime Crash: Exception in thread ""main"" java.lang.NoClassDefFoundError: com/google/gson/GsonBuilder","0"
"session_20260413_125453_12bba6c8","2026-04-13","java","dynamic","<bridge-startup>","false","true","true","No escaping references detected","Runtime Crash: Exception in thread ""main"" java.lang.NoClassDefFoundError: com/google/gson/GsonBuilder","0"
"session_20260413_125453_279b6861","2026-04-13","java","dynamic","<bridge-startup>","false","true","true","No escaping references detected","Runtime Crash: Exception in thread ""main"" java.lang.NoClassDefFoundError: com/google/gson/GsonBuilder","0"
"session_20260413_125453_3d6ff418","2026-04-13","java","dynamic","<bridge-startup>","false","true","true","No escaping references detected","Runtime Crash: Exception in thread ""main"" java.lang.NoClassDefFoundError: com/google/gson/GsonBuilder","0"
"session_20260413_125453_4897a883","2026-04-13","java","dynamic","<bridge-startup>","false","true","true","No escaping references detected","Runtime Crash: Exception in thread ""main"" java.lang.NoClassDefFoundError: com/google/gson/GsonBuilder","0"
"session_20260413_125453_620b8e19","2026-04-13","java","dynamic","<bridge-startup>","false","true","false","No escaping references detected","Runtime Crash: Exception in thread ""main"" java.lang.NoClassDefFoundError: com/google/gson/GsonBuilder","0"
"session_20260413_125453_ac823b27","2026-04-13","java","dynamic","<bridge-startup>","false","true","true","No escaping references detected","Runtime Crash: Exception in thread ""main"" java.lang.NoClassDefFoundError: com/google/gson/GsonBuilder","0"
"session_20260413_125453_aca5487f","2026-04-13","java","dynamic","<bridge-startup>","false","true","false","No escaping references detected","Runtime Crash: Exception in thread ""main"" java.lang.NoClassDefFoundError: com/google/gson/GsonBuilder","0"
"session_20260413_125453_e343cfc4","2026-04-13","java","dynamic","<bridge-startup>","false","true","true","No escaping references detected","Runtime Crash: Exception in thread ""main"" java.lang.NoClassDefFoundError: com/google/gson/GsonBuilder","0"
"session_20260413_125454_01cb8818","2026-04-13","java","dynamic","<bridge-startup>","false","true","true","No escaping references detected","Runtime Crash: Exception in thread ""main"" java.lang.NoClassDefFoundError: com/google/gson/GsonBuilder","0"
"session_20260413_125454_3edec081","2026-04-13","java","dynamic","<bridge-startup>","false","true","true","No escaping references detected","Runtime Crash: Exception in thread ""main"" java.lang.NoClassDefFoundError: com/google/gson/GsonBuilder","0"
"session_20260413_125454_4be5333f","2026-04-13","java","dynamic","<bridge-startup>","false","true","true","No escaping references detected","Runtime Crash: Exception in thread ""main"" java.lang.NoClassDefFoundError: com/google/gson/GsonBuilder","0"
"session_20260413_125454_4f4fa644","2026-04-13","java","dynamic","<bridge-startup>","false","true","true","No escaping references detected","Runtime Crash: Exception in thread ""main"" java.lang.NoClassDefFoundError: com/google/gson/GsonBuilder","0"
"session_20260413_125454_4f5c965b","2026-04-13","java","dynamic","<bridge-startup>","false","true","true","No escaping references detected","Runtime Crash: Exception in thread ""main"" java.lang.NoClassDefFoundError: com/google/gson/GsonBuilder","0"
"session_20260413_125454_506cf11f","2026-04-13","java","dynamic","<bridge-startup>","false","true","false","No escaping references detected","Runtime Crash: Exception in thread ""main"" java.lang.NoClassDefFoundError: com/google/gson/GsonBuilder","0"
"session_20260413_125454_93eb6f24","2026-04-13","java","dynamic","<bridge-startup>","false","true","true","No escaping references detected","Runtime Crash: Exception in thread ""main"" java.lang.NoClassDefFoundError: com/google/gson/GsonBuilder","0"
"session_20260413_125454_b38d72e8","2026-04-13","java","dynamic","<bridge-startup>","false","true","true","No escaping references detected","Runtime Crash: Exception in thread ""main"" java.lang.NoClassDefFoundError: com/google/gson/GsonBuilder","0"
"session_20260413_125454_bf43216d","2026-04-13","java","dynamic","<bridge-startup>","false","true","true","No escaping references detected","Runtime Crash: Exception in thread ""main"" java.lang.NoClassDefFoundError: com/google/gson/GsonBuilder","0"
"session_20260413_125454_e0c2b9e2","2026-04-13","java","dynamic","<bridge-startup>","false","true","false","No escaping references detected","Runtime Crash: Exception in thread ""main"" java.lang.NoClassDefFoundError: com/google/gson/GsonBuilder","0"
"session_20260413_125455_5980df3c","2026-04-13","java","dynamic","<bridge-startup>","false","true","false","No escaping references detected","Runtime Crash: Exception in thread ""main"" java.lang.NoClassDefFoundError: com/google/gson/GsonBuilder","0"
"session_20260413_125455_5c319eca","2026-04-13","java","dynamic","<bridge-startup>","false","true","true","No escaping references detected","Runtime Crash: Exception in thread ""main"" java.lang.NoClassDefFoundError: com/google/gson/GsonBuilder","0"
"session_20260413_125455_92dd3fef","2026-04-13","java","dynamic","<bridge-startup>","false","true","true","No escaping references detected","Runtime Crash: Exception in thread ""main"" java.lang.NoClassDefFoundError: com/google/gson/GsonBuilder","0"
"session_20260413_125455_99f46b29","2026-04-13","java","dynamic","<bridge-startup>","false","true","false","No escaping references detected","Runtime Crash: Exception in thread ""main"" java.lang.NoClassDefFoundError: com/google/gson/GsonBuilder","0"
"session_20260413_125455_a12484d5","2026-04-13","java","dynamic","<bridge-startup>","false","true","true","No escaping references detected","Runtime Crash: Exception in thread ""main"" java.lang.NoClassDefFoundError: com/google/gson/GsonBuilder","0"
"session_20260413_125455_a20a2b07","2026-04-13","java","dynamic","<bridge-startup>","false","true","true","No escaping references detected","Runtime Crash: Exception in thread ""main"" java.lang.NoClassDefFoundError: com/google/gson/GsonBuilder","0"
"session_20260413_125455_a7acccc2","2026-04-13","java","dynamic","<bridge-startup>","false","true","true","No escaping references detected","Runtime Crash: Exception in thread ""main"" java.lang.NoClassDefFoundError: com/google/gson/GsonBuilder","0"
"session_20260413_125455_bb7ff654","2026-04-13","java","dynamic","<bridge-startup>","false","true","true","No escaping references detected","Runtime Crash: Exception in thread ""main"" java.lang.NoClassDefFoundError: com/google/gson/GsonBuilder","0"
"session_20260413_125455_d439e671","2026-04-13","java","dynamic","<bridge-startup>","false","true","true","No escaping references detected","Runtime Crash: Exception in thread ""main"" java.lang.NoClassDefFoundError: com/google/gson/GsonBuilder","0"
"session_20260413_125455_e01376cd","2026-04-13","java","dynamic","<bridge-startup>","false","true","true","No escaping references detected","Runtime Crash: Exception in thread ""main"" java.lang.NoClassDefFoundError: com/google/gson/GsonBuilder","0"
"session_20260413_125456_102db70b","2026-04-13","java","dynamic","<bridge-startup>","false","true","true","No escaping references detected","Runtime Crash: Exception in thread ""main"" java.lang.NoClassDefFoundError: com/google/gson/GsonBuilder","0"
"session_20260413_125456_4f52d2c6","2026-04-13","java","dynamic","<bridge-startup>","false","true","false","No escaping references detected","Runtime Crash: Exception in thread ""main"" java.lang.NoClassDefFoundError: com/google/gson/GsonBuilder","0"
"session_20260413_125456_6cbde601","2026-04-13","java","dynamic","<bridge-startup>","false","true","true","No escaping references detected","Runtime Crash: Exception in thread ""main"" java.lang.NoClassDefFoundError: com/google/gson/GsonBuilder","0"
"session_20260413_125456_7da0cab8","2026-04-13","java","dynamic","<bridge-startup>","false","true","true","No escaping references detected","Runtime Crash: Exception in thread ""main"" java.lang.NoClassDefFoundError: com/google/gson/GsonBuilder","0"
"session_20260413_125456_8d5029c7","2026-04-13","java","dynamic","<bridge-startup>","false","true","true","No escaping references detected","Runtime Crash: Exception in thread ""main"" java.lang.NoClassDefFoundError: com/google/gson/GsonBuilder","0"
"session_20260413_125456_92b9f09c","2026-04-13","java","dynamic","<bridge-startup>","false","true","true","No escaping references detected","Runtime Crash: Exception in thread ""main"" java.lang.NoClassDefFoundError: com/google/gson/GsonBuilder","0"
"session_20260413_125456_98284dbe","2026-04-13","java","dynamic","<bridge-startup>","false","true","false","No escaping references detected","Runtime Crash: Exception in thread ""main"" java.lang.NoClassDefFoundError: com/google/gson/GsonBuilder","0"
"session_20260413_125456_a4ce6bca","2026-04-13","java","dynamic","<bridge-startup>","false","true","true","No escaping references detected","Runtime Crash: Exception in thread ""main"" java.lang.NoClassDefFoundError: com/google/gson/GsonBuilder","0"
"session_20260413_125456_c291886e","2026-04-13","java","dynamic","<bridge-startup>","false","true","true","No escaping references detected","Runtime Crash: Exception in thread ""main"" java.lang.NoClassDefFoundError: com/google/gson/GsonBuilder","0"
"session_20260413_125456_ea89364e","2026-04-13","java","dynamic","<bridge-startup>","false","true","true","No escaping references detected","Runtime Crash: Exception in thread ""main"" java.lang.NoClassDefFoundError: com/google/gson/GsonBuilder","0"
"session_20260413_125457_366ac021","2026-04-13","java","dynamic","<bridge-startup>","false","true","true","No escaping references detected","Runtime Crash: Exception in thread ""main"" java.lang.NoClassDefFoundError: com/google/gson/GsonBuilder","0"
"session_20260413_125457_7c214119","2026-04-13","java","dynamic","<bridge-startup>","false","true","false","No escaping references detected","Runtime Crash: Exception in thread ""main"" java.lang.NoClassDefFoundError: com/google/gson/GsonBuilder","0"
"session_20260413_125457_87a4041b","2026-04-13","java","dynamic","<bridge-startup>","false","true","true","No escaping references detected","Runtime Crash: Exception in thread ""main"" java.lang.NoClassDefFoundError: com/google/gson/GsonBuilder","0"
"session_20260413_125457_9509e38d","2026-04-13","java","dynamic","<bridge-startup>","false","true","false","No escaping references detected","Runtime Crash: Exception in thread ""main"" java.lang.NoClassDefFoundError: com/google/gson/GsonBuilder","0"
"session_20260413_125457_b9698bd2","2026-04-13","java","dynamic","<bridge-startup>","false","true","false","No escaping references detected","Runtime Crash: Exception in thread ""main"" java.lang.NoClassDefFoundError: com/google/gson/GsonBuilder","0"
"session_20260413_125457_be87f09d","2026-04-13","java","dynamic","<bridge-startup>","false","true","true","No escaping references detected","Runtime Crash: Exception in thread ""main"" java.lang.NoClassDefFoundError: com/google/gson/GsonBuilder","0"
"session_20260413_125457_c19cab20","2026-04-13","java","dynamic","<bridge-startup>","false","true","false","No escaping references detected","Runtime Crash: Exception in thread ""main"" java.lang.NoClassDefFoundError: com/google/gson/GsonBuilder","0"
"session_20260413_125457_cf7a3dbd","2026-04-13","java","dynamic","<bridge-startup>","false","true","true","No escaping references detected","Runtime Crash: Exception in thread ""main"" java.lang.NoClassDefFoundError: com/google/gson/GsonBuilder","0"
"session_20260413_125457_ec4a9497","2026-04-13","java","dynamic","<bridge-startup>","false","true","false","No escaping references detected","Runtime Crash: Exception in thread ""main"" java.lang.NoClassDefFoundError: com/google/gson/GsonBuilder","0"
"session_20260413_125457_fe6ee1d4","2026-04-13","java","dynamic","<bridge-startup>","false","true","true","No escaping references detected","Runtime Crash: Exception in thread ""main"" java.lang.NoClassDefFoundError: com/google/gson/GsonBuilder","0"
"session_20260413_125458_1645adb9","2026-04-13","java","dynamic","<bridge-startup>","false","true","false","No escaping references detected","Runtime Crash: Exception in thread ""main"" java.lang.NoClassDefFoundError: com/google/gson/GsonBuilder","0"
"session_20260413_125458_1a8438fa","2026-04-13","java","dynamic","<bridge-startup>","false","true","false","No escaping references detected","Runtime Crash: Exception in thread ""main"" java.lang.NoClassDefFoundError: com/google/gson/GsonBuilder","0"
"session_20260413_125458_34145770","2026-04-13","java","dynamic","<bridge-startup>","false","true","true","No escaping references detected","Runtime Crash: Exception in thread ""main"" java.lang.NoClassDefFoundError: com/google/gson/GsonBuilder","0"
"session_20260413_125458_3a5f48d4","2026-04-13","java","dynamic","<bridge-startup>","false","true","false","No escaping references detected","Runtime Crash: Exception in thread ""main"" java.lang.NoClassDefFoundError: com/google/gson/GsonBuilder","0"
"session_20260413_125458_65c7fc17","2026-04-13","java","dynamic","<bridge-startup>","false","true","true","No escaping references detected","Runtime Crash: Exception in thread ""main"" java.lang.NoClassDefFoundError: com/google/gson/GsonBuilder","0"
"session_20260413_125458_97dfee20","2026-04-13","java","dynamic","<bridge-startup>","false","true","false","No escaping references detected","Runtime Crash: Exception in thread ""main"" java.lang.NoClassDefFoundError: com/google/gson/GsonBuilder","0"
"session_20260413_125458_a7345b22","2026-04-13","java","dynamic","<bridge-startup>","false","true","false","No escaping references detected","Runtime Crash: Exception in thread ""main"" java.lang.NoClassDefFoundError: com/google/gson/GsonBuilder","0"
"session_20260413_125458_b22c0109","2026-04-13","java","dynamic","<bridge-startup>","false","true","true","No escaping references detected","Runtime Crash: Exception in thread ""main"" java.lang.NoClassDefFoundError: com/google/gson/GsonBuilder","0"
"session_20260413_125458_baa2dee2","2026-04-13","java","dynamic","<bridge-startup>","false","true","false","No escaping references detected","Runtime Crash: Exception in thread ""main"" java.lang.NoClassDefFoundError: com/google/gson/GsonBuilder","0"
"session_20260413_125458_efd47f68","2026-04-13","java","dynamic","<bridge-startup>","false","true","true","No escaping references detected","Runtime Crash: Exception in thread ""main"" java.lang.NoClassDefFoundError: com/google/gson/GsonBuilder","0"
"session_20260413_125459_02615bad","2026-04-13","java","dynamic","<bridge-startup>","false","true","false","No escaping references detected","Runtime Crash: Exception in thread ""main"" java.lang.NoClassDefFoundError: com/google/gson/GsonBuilder","0"
"session_20260413_125459_0a98b22f","2026-04-13","java","dynamic","<bridge-startup>","false","true","false","No escaping references detected","Runtime Crash: Exception in thread ""main"" java.lang.NoClassDefFoundError: com/google/gson/GsonBuilder","0"
"session_20260413_125459_1f94e697","2026-04-13","java","dynamic","<bridge-startup>","false","true","true","No escaping references detected","Runtime Crash: Exception in thread ""main"" java.lang.NoClassDefFoundError: com/google/gson/GsonBuilder","0"
"session_20260413_125459_2ab326ae","2026-04-13","java","dynamic","<bridge-startup>","false","true","false","No escaping references detected","Runtime Crash: Exception in thread ""main"" java.lang.NoClassDefFoundError: com/google/gson/GsonBuilder","0"
"session_20260413_125459_3f8596fb","2026-04-13","java","dynamic","<bridge-startup>","false","true","true","No escaping references detected","Runtime Crash: Exception in thread ""main"" java.lang.NoClassDefFoundError: com/google/gson/GsonBuilder","0"
"session_20260413_125459_54e13c9c","2026-04-13","java","dynamic","<bridge-startup>","false","true","false","No escaping references detected","Runtime Crash: Exception in thread ""main"" java.lang.NoClassDefFoundError: com/google/gson/GsonBuilder","0"
"session_20260413_125459_67187aca","2026-04-13","java","dynamic","<bridge-startup>","false","true","false","No escaping references detected","Runtime Crash: Exception in thread ""main"" java.lang.NoClassDefFoundError: com/google/gson/GsonBuilder","0"
"session_20260413_125459_9b95dada","2026-04-13","java","dynamic","<bridge-startup>","false","true","true","No escaping references detected","Runtime Crash: Exception in thread ""main"" java.lang.NoClassDefFoundError: com/google/gson/GsonBuilder","0"
"session_20260413_125459_ac01a3ce","2026-04-13","java","dynamic","<bridge-startup>","false","true","false","No escaping references detected","Runtime Crash: Exception in thread ""main"" java.lang.NoClassDefFoundError: com/google/gson/GsonBuilder","0"
"session_20260413_125459_dc22ae0d","2026-04-13","java","dynamic","<bridge-startup>","false","true","true","No escaping references detected","Runtime Crash: Exception in thread ""main"" java.lang.NoClassDefFoundError: com/google/gson/GsonBuilder","0"
"session_20260413_125500_01c26a74","2026-04-13","java","dynamic","<bridge-startup>","false","true","false","No escaping references detected","Runtime Crash: Exception in thread ""main"" java.lang.NoClassDefFoundError: com/google/gson/GsonBuilder","0"
"session_20260413_125500_020ac42c","2026-04-13","java","dynamic","<bridge-startup>","false","true","false","No escaping references detected","Runtime Crash: Exception in thread ""main"" java.lang.NoClassDefFoundError: com/google/gson/GsonBuilder","0"
"session_20260413_125500_0cbe6646","2026-04-13","java","dynamic","<bridge-startup>","false","true","false","No escaping references detected","Runtime Crash: Exception in thread ""main"" java.lang.NoClassDefFoundError: com/google/gson/GsonBuilder","0"
"session_20260413_125500_47ff1fc1","2026-04-13","java","dynamic","<bridge-startup>","false","true","true","No escaping references detected","Runtime Crash: Exception in thread ""main"" java.lang.NoClassDefFoundError: com/google/gson/GsonBuilder","0"
"session_20260413_125500_ab57059c","2026-04-13","java","dynamic","<bridge-startup>","false","true","true","No escaping references detected","Runtime Crash: Exception in thread ""main"" java.lang.NoClassDefFoundError: com/google/gson/GsonBuilder","0"
"session_20260413_125500_b2821598","2026-04-13","java","dynamic","<bridge-startup>","false","true","false","No escaping references detected","Runtime Crash: Exception in thread ""main"" java.lang.NoClassDefFoundError: com/google/gson/GsonBuilder","0"
"session_20260413_125500_c64c3992","2026-04-13","java","dynamic","<bridge-startup>","false","true","true","No escaping references detected","Runtime Crash: Exception in thread ""main"" java.lang.NoClassDefFoundError: com/google/gson/GsonBuilder","0"
"session_20260413_125500_c7b9b6c3","2026-04-13","java","dynamic","<bridge-startup>","false","true","false","No escaping references detected","Runtime Crash: Exception in thread ""main"" java.lang.NoClassDefFoundError: com/google/gson/GsonBuilder","0"
"session_20260413_125500_e2eb50a0","2026-04-13","java","dynamic","<bridge-startup>","false","true","true","No escaping references detected","Runtime Crash: Exception in thread ""main"" java.lang.NoClassDefFoundError: com/google/gson/GsonBuilder","0"
"session_20260413_125501_0c2ec5a3","2026-04-13","java","dynamic","<bridge-startup>","false","true","false","No escaping references detected","Runtime Crash: Exception in thread ""main"" java.lang.NoClassDefFoundError: com/google/gson/GsonBuilder","0"
"session_20260413_125501_4338df3a","2026-04-13","java","dynamic","<bridge-startup>","false","true","false","No escaping references detected","Runtime Crash: Exception in thread ""main"" java.lang.NoClassDefFoundError: com/google/gson/GsonBuilder","0"
"session_20260413_125501_44ded217","2026-04-13","java","dynamic","<bridge-startup>","false","true","true","No escaping references detected","Runtime Crash: Exception in thread ""main"" java.lang.NoClassDefFoundError: com/google/gson/GsonBuilder","0"
"session_20260413_125501_63dd3893","2026-04-13","java","dynamic","<bridge-startup>","false","true","true","No escaping references detected","Runtime Crash: Exception in thread ""main"" java.lang.NoClassDefFoundError: com/google/gson/GsonBuilder","0"
"session_20260413_125501_64f4ae1b","2026-04-13","java","dynamic","<bridge-startup>","false","true","false","No escaping references detected","Runtime Crash: Exception in thread ""main"" java.lang.NoClassDefFoundError: com/google/gson/GsonBuilder","0"
"session_20260413_125501_80b35a7c","2026-04-13","java","dynamic","<bridge-startup>","false","true","true","No escaping references detected","Runtime Crash: Exception in thread ""main"" java.lang.NoClassDefFoundError: com/google/gson/GsonBuilder","0"
"session_20260413_125501_8dfa0802","2026-04-13","java","dynamic","<bridge-startup>","false","true","false","No escaping references detected","Runtime Crash: Exception in thread ""main"" java.lang.NoClassDefFoundError: com/google/gson/GsonBuilder","0"
"session_20260413_125501_97764ef3","2026-04-13","java","dynamic","<bridge-startup>","false","true","false","No escaping references detected","Runtime Crash: Exception in thread ""main"" java.lang.NoClassDefFoundError: com/google/gson/GsonBuilder","0"
"session_20260413_125501_9b50d6fd","2026-04-13","java","dynamic","<bridge-startup>","false","true","true","No escaping references detected","Runtime Crash: Exception in thread ""main"" java.lang.NoClassDefFoundError: com/google/gson/GsonBuilder","0"
"session_20260413_125501_ac44adad","2026-04-13","java","dynamic","<bridge-startup>","false","true","false","No escaping references detected","Runtime Crash: Exception in thread ""main"" java.lang.NoClassDefFoundError: com/google/gson/GsonBuilder","0"
"session_20260413_125502_2a0ac9a3","2026-04-13","java","dynamic","<bridge-startup>","false","true","false","No escaping references detected","Runtime Crash: Exception in thread ""main"" java.lang.NoClassDefFoundError: com/google/gson/GsonBuilder","0"
"session_20260413_125502_2a187e95","2026-04-13","java","dynamic","<bridge-startup>","false","true","false","No escaping references detected","Runtime Crash: Exception in thread ""main"" java.lang.NoClassDefFoundError: com/google/gson/GsonBuilder","0"
"session_20260413_125502_5c8f56ca","2026-04-13","java","dynamic","<bridge-startup>","false","true","true","No escaping references detected","Runtime Crash: Exception in thread ""main"" java.lang.NoClassDefFoundError: com/google/gson/GsonBuilder","0"
"session_20260413_125502_5e237775","2026-04-13","java","dynamic","<bridge-startup>","false","true","false","No escaping references detected","Runtime Crash: Exception in thread ""main"" java.lang.NoClassDefFoundError: com/google/gson/GsonBuilder","0"
"session_20260413_125502_b96716bc","2026-04-13","java","dynamic","<bridge-startup>","false","true","false","No escaping references detected","Runtime Crash: Exception in thread ""main"" java.lang.NoClassDefFoundError: com/google/gson/GsonBuilder","0"
"session_20260413_125502_bbeb01e5","2026-04-13","java","dynamic","<bridge-startup>","false","true","false","No escaping references detected","Runtime Crash: Exception in thread ""main"" java.lang.NoClassDefFoundError: com/google/gson/GsonBuilder","0"
"session_20260413_125502_c14bb7d0","2026-04-13","java","dynamic","<bridge-startup>","false","true","true","No escaping references detected","Runtime Crash: Exception in thread ""main"" java.lang.NoClassDefFoundError: com/google/gson/GsonBuilder","0"
"session_20260413_125502_c7e37146","2026-04-13","java","dynamic","<bridge-startup>","false","true","false","No escaping references detected","Runtime Crash: Exception in thread ""main"" java.lang.NoClassDefFoundError: com/google/gson/GsonBuilder","0"
"session_20260413_125502_d17e941c","2026-04-13","java","dynamic","<bridge-startup>","false","true","true","No escaping references detected","Runtime Crash: Exception in thread ""main"" java.lang.NoClassDefFoundError: com/google/gson/GsonBuilder","0"
"session_20260413_125502_ee8c3f84","2026-04-13","java","dynamic","<bridge-startup>","false","true","true","No escaping references detected","Runtime Crash: Exception in thread ""main"" java.lang.NoClassDefFoundError: com/google/gson/GsonBuilder","0"
"session_20260413_125503_110d947d","2026-04-13","java","dynamic","<bridge-startup>","false","true","false","No escaping references detected","Runtime Crash: Exception in thread ""main"" java.lang.NoClassDefFoundError: com/google/gson/GsonBuilder","0"
"session_20260413_125503_549bdd9b","2026-04-13","java","dynamic","<bridge-startup>","false","true","false","No escaping references detected","Runtime Crash: Exception in thread ""main"" java.lang.NoClassDefFoundError: com/google/gson/GsonBuilder","0"
"session_20260413_125503_6dbace96","2026-04-13","java","dynamic","<bridge-startup>","false","true","true","No escaping references detected","Runtime Crash: Exception in thread ""main"" java.lang.NoClassDefFoundError: com/google/gson/GsonBuilder","0"
"session_20260413_125503_77aad73a","2026-04-13","java","dynamic","<bridge-startup>","false","true","false","No escaping references detected","Runtime Crash: Exception in thread ""main"" java.lang.NoClassDefFoundError: com/google/gson/GsonBuilder","0"
"session_20260413_125503_840491ac","2026-04-13","java","dynamic","<bridge-startup>","false","true","true","No escaping references detected","Runtime Crash: Exception in thread ""main"" java.lang.NoClassDefFoundError: com/google/gson/GsonBuilder","0"
"session_20260413_125503_956f0771","2026-04-13","java","dynamic","<bridge-startup>","false","true","false","No escaping references detected","Runtime Crash: Exception in thread ""main"" java.lang.NoClassDefFoundError: com/google/gson/GsonBuilder","0"
"session_20260413_125503_9b3af36c","2026-04-13","java","dynamic","<bridge-startup>","false","true","true","No escaping references detected","Runtime Crash: Exception in thread ""main"" java.lang.NoClassDefFoundError: com/google/gson/GsonBuilder","0"
"session_20260413_125503_d33d0bb4","2026-04-13","java","dynamic","<bridge-startup>","false","true","false","No escaping references detected","Runtime Crash: Exception in thread ""main"" java.lang.NoClassDefFoundError: com/google/gson/GsonBuilder","0"
"session_20260413_125503_ef6654dd","2026-04-13","java","dynamic","<bridge-startup>","false","true","true","No escaping references detected","Runtime Crash: Exception in thread ""main"" java.lang.NoClassDefFoundError: com/google/gson/GsonBuilder","0"
"session_20260413_125504_032e87a9","2026-04-13","java","dynamic","<bridge-startup>","false","true","true","No escaping references detected","Runtime Crash: Exception in thread ""main"" java.lang.NoClassDefFoundError: com/google/gson/GsonBuilder","0"
"session_20260413_125504_1287bdbf","2026-04-13","java","dynamic","<bridge-startup>","false","true","false","No escaping references detected","Runtime Crash: Exception in thread ""main"" java.lang.NoClassDefFoundError: com/google/gson/GsonBuilder","0"
"session_20260413_125504_43371c20","2026-04-13","java","dynamic","<bridge-startup>","false","true","true","No escaping references detected","Runtime Crash: Exception in thread ""main"" java.lang.NoClassDefFoundError: com/google/gson/GsonBuilder","0"
"session_20260413_125504_47dde847","2026-04-13","java","dynamic","<bridge-startup>","false","true","false","No escaping references detected","Runtime Crash: Exception in thread ""main"" java.lang.NoClassDefFoundError: com/google/gson/GsonBuilder","0"
"session_20260413_125504_48e04a96","2026-04-13","java","dynamic","<bridge-startup>","false","true","true","No escaping references detected","Runtime Crash: Exception in thread ""main"" java.lang.NoClassDefFoundError: com/google/gson/GsonBuilder","0"
"session_20260413_125504_55351763","2026-04-13","java","dynamic","<bridge-startup>","false","true","true","No escaping references detected","Runtime Crash: Exception in thread ""main"" java.lang.NoClassDefFoundError: com/google/gson/GsonBuilder","0"
"session_20260413_125504_632a804f","2026-04-13","java","dynamic","<bridge-startup>","false","true","false","No escaping references detected","Runtime Crash: Exception in thread ""main"" java.lang.NoClassDefFoundError: com/google/gson/GsonBuilder","0"
"session_20260413_125504_87f927b8","2026-04-13","java","dynamic","<bridge-startup>","false","true","false","No escaping references detected","Runtime Crash: Exception in thread ""main"" java.lang.NoClassDefFoundError: com/google/gson/GsonBuilder","0"
"session_20260413_125504_884c8ff1","2026-04-13","java","dynamic","<bridge-startup>","false","true","false","No escaping references detected","Runtime Crash: Exception in thread ""main"" java.lang.NoClassDefFoundError: com/google/gson/GsonBuilder","0"
"session_20260413_125504_c2c75026","2026-04-13","java","dynamic","<bridge-startup>","false","true","false","No escaping references detected","Runtime Crash: Exception in thread ""main"" java.lang.NoClassDefFoundError: com/google/gson/GsonBuilder","0"
"session_20260413_125505_1b72161f","2026-04-13","java","dynamic","<bridge-startup>","false","true","false","No escaping references detected","Runtime Crash: Exception in thread ""main"" java.lang.NoClassDefFoundError: com/google/gson/GsonBuilder","0"
"session_20260413_125505_269facfc","2026-04-13","java","dynamic","<bridge-startup>","false","true","true","No escaping references detected","Runtime Crash: Exception in thread ""main"" java.lang.NoClassDefFoundError: com/google/gson/GsonBuilder","0"
"session_20260413_125505_2f53135f","2026-04-13","java","dynamic","<bridge-startup>","false","true","false","No escaping references detected","Runtime Crash: Exception in thread ""main"" java.lang.NoClassDefFoundError: com/google/gson/GsonBuilder","0"
"session_20260413_125505_47053c88","2026-04-13","java","dynamic","<bridge-startup>","false","true","true","No escaping references detected","Runtime Crash: Exception in thread ""main"" java.lang.NoClassDefFoundError: com/google/gson/GsonBuilder","0"
"session_20260413_125505_51335067","2026-04-13","java","dynamic","<bridge-startup>","false","true","true","No escaping references detected","Runtime Crash: Exception in thread ""main"" java.lang.NoClassDefFoundError: com/google/gson/GsonBuilder","0"
"session_20260413_125505_a26aa4bd","2026-04-13","java","dynamic","<bridge-startup>","false","true","false","No escaping references detected","Runtime Crash: Exception in thread ""main"" java.lang.NoClassDefFoundError: com/google/gson/GsonBuilder","0"
"session_20260413_125505_a39a39fc","2026-04-13","java","dynamic","<bridge-startup>","false","true","false","No escaping references detected","Runtime Crash: Exception in thread ""main"" java.lang.NoClassDefFoundError: com/google/gson/GsonBuilder","0"
"session_20260413_125505_baf91f99","2026-04-13","java","dynamic","<bridge-startup>","false","true","false","No escaping references detected","Runtime Crash: Exception in thread ""main"" java.lang.NoClassDefFoundError: com/google/gson/GsonBuilder","0"
"session_20260413_125505_c9e2096b","2026-04-13","java","dynamic","<bridge-startup>","false","true","true","No escaping references detected","Runtime Crash: Exception in thread ""main"" java.lang.NoClassDefFoundError: com/google/gson/GsonBuilder","0"
"session_20260413_125505_e86fdade","2026-04-13","java","dynamic","<bridge-startup>","false","true","true","No escaping references detected","Runtime Crash: Exception in thread ""main"" java.lang.NoClassDefFoundError: com/google/gson/GsonBuilder","0"
"session_20260413_125506_072059a9","2026-04-13","java","dynamic","<bridge-startup>","false","true","true","No escaping references detected","Runtime Crash: Exception in thread ""main"" java.lang.NoClassDefFoundError: com/google/gson/GsonBuilder","0"
"session_20260413_125506_3bf7a200","2026-04-13","java","dynamic","<bridge-startup>","false","true","false","No escaping references detected","Runtime Crash: Exception in thread ""main"" java.lang.NoClassDefFoundError: com/google/gson/GsonBuilder","0"
"session_20260413_125506_43a0bbaf","2026-04-13","java","dynamic","<bridge-startup>","false","true","true","No escaping references detected","Runtime Crash: Exception in thread ""main"" java.lang.NoClassDefFoundError: com/google/gson/GsonBuilder","0"
"session_20260413_125506_94543fff","2026-04-13","java","dynamic","<bridge-startup>","false","true","false","No escaping references detected","Runtime Crash: Exception in thread ""main"" java.lang.NoClassDefFoundError: com/google/gson/GsonBuilder","0"
"session_20260413_125506_9ce53722","2026-04-13","java","dynamic","<bridge-startup>","false","true","true","No escaping references detected","Runtime Crash: Exception in thread ""main"" java.lang.NoClassDefFoundError: com/google/gson/GsonBuilder","0"
"session_20260413_125506_be277020","2026-04-13","java","dynamic","<bridge-startup>","false","true","true","No escaping references detected","Runtime Crash: Exception in thread ""main"" java.lang.NoClassDefFoundError: com/google/gson/GsonBuilder","0"
"session_20260413_125506_c18cf271","2026-04-13","java","dynamic","<bridge-startup>","false","true","false","No escaping references detected","Runtime Crash: Exception in thread ""main"" java.lang.NoClassDefFoundError: com/google/gson/GsonBuilder","0"
"session_20260413_125506_c9ef98f1","2026-04-13","java","dynamic","<bridge-startup>","false","true","false","No escaping references detected","Runtime Crash: Exception in thread ""main"" java.lang.NoClassDefFoundError: com/google/gson/GsonBuilder","0"
"session_20260413_125506_e0fc7844","2026-04-13","java","dynamic","<bridge-startup>","false","true","false","No escaping references detected","Runtime Crash: Exception in thread ""main"" java.lang.NoClassDefFoundError: com/google/gson/GsonBuilder","0"
"session_20260413_125506_eb726027","2026-04-13","java","dynamic","<bridge-startup>","false","true","false","No escaping references detected","Runtime Crash: Exception in thread ""main"" java.lang.NoClassDefFoundError: com/google/gson/GsonBuilder","0"
"session_20260413_125507_636debbf","2026-04-13","java","dynamic","<bridge-startup>","false","true","true","No escaping references detected","Runtime Crash: Exception in thread ""main"" java.lang.NoClassDefFoundError: com/google/gson/GsonBuilder","0"
"session_20260413_125507_6c23f2a7","2026-04-13","java","dynamic","<bridge-startup>","false","true","true","No escaping references detected","Runtime Crash: Exception in thread ""main"" java.lang.NoClassDefFoundError: com/google/gson/GsonBuilder","0"
"session_20260413_125507_92868f29","2026-04-13","java","dynamic","<bridge-startup>","false","true","true","No escaping references detected","Runtime Crash: Exception in thread ""main"" java.lang.NoClassDefFoundError: com/google/gson/GsonBuilder","0"
"session_20260413_125507_a549ef27","2026-04-13","java","dynamic","<bridge-startup>","false","true","false","No escaping references detected","Runtime Crash: Exception in thread ""main"" java.lang.NoClassDefFoundError: com/google/gson/GsonBuilder","0"
"session_20260413_125507_b9e69657","2026-04-13","java","dynamic","<bridge-startup>","false","true","false","No escaping references detected","Runtime Crash: Exception in thread ""main"" java.lang.NoClassDefFoundError: com/google/gson/GsonBuilder","0"
"session_20260413_125507_c2ef9e9b","2026-04-13","java","dynamic","<bridge-startup>","false","true","false","No escaping references detected","Runtime Crash: Exception in thread ""main"" java.lang.NoClassDefFoundError: com/google/gson/GsonBuilder","0"
"session_20260413_125507_d9715e9b","2026-04-13","java","dynamic","<bridge-startup>","false","true","true","No escaping references detected","Runtime Crash: Exception in thread ""main"" java.lang.NoClassDefFoundError: com/google/gson/GsonBuilder","0"
"session_20260413_125507_df80794f","2026-04-13","java","dynamic","<bridge-startup>","false","true","true","No escaping references detected","Runtime Crash: Exception in thread ""main"" java.lang.NoClassDefFoundError: com/google/gson/GsonBuilder","0"
"session_20260413_125507_f8fa97ab","2026-04-13","java","dynamic","<bridge-startup>","false","true","false","No escaping references detected","Runtime Crash: Exception in thread ""main"" java.lang.NoClassDefFoundError: com/google/gson/GsonBuilder","0"
"session_20260413_125508_12d7c995","2026-04-13","java","dynamic","<bridge-startup>","false","true","false","No escaping references detected","Runtime Crash: Exception in thread ""main"" java.lang.NoClassDefFoundError: com/google/gson/GsonBuilder","0"
"session_20260413_125508_1be9aaef","2026-04-13","java","dynamic","<bridge-startup>","false","true","true","No escaping references detected","Runtime Crash: Exception in thread ""main"" java.lang.NoClassDefFoundError: com/google/gson/GsonBuilder","0"
"session_20260413_125508_371c19a7","2026-04-13","java","dynamic","<bridge-startup>","false","true","true","No escaping references detected","Runtime Crash: Exception in thread ""main"" java.lang.NoClassDefFoundError: com/google/gson/GsonBuilder","0"
"session_20260413_125508_411f1351","2026-04-13","java","dynamic","<bridge-startup>","false","true","true","No escaping references detected","Runtime Crash: Exception in thread ""main"" java.lang.NoClassDefFoundError: com/google/gson/GsonBuilder","0"
"session_20260413_125508_651b847f","2026-04-13","java","dynamic","<bridge-startup>","false","true","false","No escaping references detected","Runtime Crash: Exception in thread ""main"" java.lang.NoClassDefFoundError: com/google/gson/GsonBuilder","0"
"session_20260413_125508_80b5ec0b","2026-04-13","java","dynamic","<bridge-startup>","false","true","true","No escaping references detected","Runtime Crash: Exception in thread ""main"" java.lang.NoClassDefFoundError: com/google/gson/GsonBuilder","0"
"session_20260413_125508_ab89f17e","2026-04-13","java","dynamic","<bridge-startup>","false","true","false","No escaping references detected","Runtime Crash: Exception in thread ""main"" java.lang.NoClassDefFoundError: com/google/gson/GsonBuilder","0"
"session_20260413_125508_c6bc254a","2026-04-13","java","dynamic","<bridge-startup>","false","true","false","No escaping references detected","Runtime Crash: Exception in thread ""main"" java.lang.NoClassDefFoundError: com/google/gson/GsonBuilder","0"
"session_20260413_125508_e74e7223","2026-04-13","java","dynamic","<bridge-startup>","false","true","true","No escaping references detected","Runtime Crash: Exception in thread ""main"" java.lang.NoClassDefFoundError: com/google/gson/GsonBuilder","0"
"session_20260413_125508_f63d772a","2026-04-13","java","dynamic","<bridge-startup>","false","true","false","No escaping references detected","Runtime Crash: Exception in thread ""main"" java.lang.NoClassDefFoundError: com/google/gson/GsonBuilder","0"
"session_20260413_125509_01f7ad59","2026-04-13","java","dynamic","<bridge-startup>","false","true","true","No escaping references detected","Runtime Crash: Exception in thread ""main"" java.lang.NoClassDefFoundError: com/google/gson/GsonBuilder","0"
"session_20260413_125509_07391651","2026-04-13","java","dynamic","<bridge-startup>","false","true","true","No escaping references detected","Runtime Crash: Exception in thread ""main"" java.lang.NoClassDefFoundError: com/google/gson/GsonBuilder","0"
"session_20260413_125509_2fb1708c","2026-04-13","java","dynamic","<bridge-startup>","false","true","false","No escaping references detected","Runtime Crash: Exception in thread ""main"" java.lang.NoClassDefFoundError: com/google/gson/GsonBuilder","0"
"session_20260413_125509_35deb3d1","2026-04-13","java","dynamic","<bridge-startup>","false","true","true","No escaping references detected","Runtime Crash: Exception in thread ""main"" java.lang.NoClassDefFoundError: com/google/gson/GsonBuilder","0"
"session_20260413_125509_4fdd00e4","2026-04-13","java","dynamic","<bridge-startup>","false","true","false","No escaping references detected","Runtime Crash: Exception in thread ""main"" java.lang.NoClassDefFoundError: com/google/gson/GsonBuilder","0"
"session_20260413_125509_52117a57","2026-04-13","java","dynamic","<bridge-startup>","false","true","true","No escaping references detected","Runtime Crash: Exception in thread ""main"" java.lang.NoClassDefFoundError: com/google/gson/GsonBuilder","0"
"session_20260413_125509_7652cd04","2026-04-13","java","dynamic","<bridge-startup>","false","true","false","No escaping references detected","Runtime Crash: Exception in thread ""main"" java.lang.NoClassDefFoundError: com/google/gson/GsonBuilder","0"
"session_20260413_125509_97356c35","2026-04-13","java","dynamic","<bridge-startup>","false","true","false","No escaping references detected","Runtime Crash: Exception in thread ""main"" java.lang.NoClassDefFoundError: com/google/gson/GsonBuilder","0"
"session_20260413_125509_d96f8f81","2026-04-13","java","dynamic","<bridge-startup>","false","true","false","No escaping references detected","Runtime Crash: Exception in thread ""main"" java.lang.NoClassDefFoundError: com/google/gson/GsonBuilder","0"
"session_20260413_125509_e6853c83","2026-04-13","java","dynamic","<bridge-startup>","false","true","true","No escaping references detected","Runtime Crash: Exception in thread ""main"" java.lang.NoClassDefFoundError: com/google/gson/GsonBuilder","0"
"session_20260413_125510_09e57ba5","2026-04-13","java","dynamic","<bridge-startup>","false","true","true","No escaping references detected","Runtime Crash: Exception in thread ""main"" java.lang.NoClassDefFoundError: com/google/gson/GsonBuilder","0"
"session_20260413_125510_1aff0787","2026-04-13","java","dynamic","<bridge-startup>","false","true","false","No escaping references detected","Runtime Crash: Exception in thread ""main"" java.lang.NoClassDefFoundError: com/google/gson/GsonBuilder","0"
"session_20260413_125510_1b2a7285","2026-04-13","java","dynamic","<bridge-startup>","false","true","false","No escaping references detected","Runtime Crash: Exception in thread ""main"" java.lang.NoClassDefFoundError: com/google/gson/GsonBuilder","0"
"session_20260413_125510_564658f0","2026-04-13","java","dynamic","<bridge-startup>","false","true","false","No escaping references detected","Runtime Crash: Exception in thread ""main"" java.lang.NoClassDefFoundError: com/google/gson/GsonBuilder","0"
"session_20260413_125510_5f1cbe00","2026-04-13","java","dynamic","<bridge-startup>","false","true","true","No escaping references detected","Runtime Crash: Exception in thread ""main"" java.lang.NoClassDefFoundError: com/google/gson/GsonBuilder","0"
"session_20260413_125510_7f5b7ac5","2026-04-13","java","dynamic","<bridge-startup>","false","true","false","No escaping references detected","Runtime Crash: Exception in thread ""main"" java.lang.NoClassDefFoundError: com/google/gson/GsonBuilder","0"
"session_20260413_125510_92e1a3ed","2026-04-13","java","dynamic","<bridge-startup>","false","true","true","No escaping references detected","Runtime Crash: Exception in thread ""main"" java.lang.NoClassDefFoundError: com/google/gson/GsonBuilder","0"
"session_20260413_125510_9f483ff3","2026-04-13","java","dynamic","<bridge-startup>","false","true","true","No escaping references detected","Runtime Crash: Exception in thread ""main"" java.lang.NoClassDefFoundError: com/google/gson/GsonBuilder","0"
"session_20260413_125510_a2854a15","2026-04-13","java","dynamic","<bridge-startup>","false","true","false","No escaping references detected","Runtime Crash: Exception in thread ""main"" java.lang.NoClassDefFoundError: com/google/gson/GsonBuilder","0"
"session_20260413_125510_e844c4a2","2026-04-13","java","dynamic","<bridge-startup>","false","true","true","No escaping references detected","Runtime Crash: Exception in thread ""main"" java.lang.NoClassDefFoundError: com/google/gson/GsonBuilder","0"
"session_20260413_125511_15a8b92e","2026-04-13","java","dynamic","<bridge-startup>","false","true","false","No escaping references detected","Runtime Crash: Exception in thread ""main"" java.lang.NoClassDefFoundError: com/google/gson/GsonBuilder","0"
"session_20260413_125511_2e3d1481","2026-04-13","java","dynamic","<bridge-startup>","false","true","true","No escaping references detected","Runtime Crash: Exception in thread ""main"" java.lang.NoClassDefFoundError: com/google/gson/GsonBuilder","0"
"session_20260413_125511_31b71100","2026-04-13","java","dynamic","<bridge-startup>","false","true","true","No escaping references detected","Runtime Crash: Exception in thread ""main"" java.lang.NoClassDefFoundError: com/google/gson/GsonBuilder","0"
"session_20260413_125511_323aaead","2026-04-13","java","dynamic","<bridge-startup>","false","true","false","No escaping references detected","Runtime Crash: Exception in thread ""main"" java.lang.NoClassDefFoundError: com/google/gson/GsonBuilder","0"
"session_20260413_125511_32be974f","2026-04-13","java","dynamic","<bridge-startup>","false","true","true","No escaping references detected","Runtime Crash: Exception in thread ""main"" java.lang.NoClassDefFoundError: com/google/gson/GsonBuilder","0"
"session_20260413_125511_3713a9b8","2026-04-13","java","dynamic","<bridge-startup>","false","true","true","No escaping references detected","Runtime Crash: Exception in thread ""main"" java.lang.NoClassDefFoundError: com/google/gson/GsonBuilder","0"
"session_20260413_125511_87ffde2b","2026-04-13","java","dynamic","<bridge-startup>","false","true","false","No escaping references detected","Runtime Crash: Exception in thread ""main"" java.lang.NoClassDefFoundError: com/google/gson/GsonBuilder","0"
"session_20260413_125511_b0ce65f6","2026-04-13","java","dynamic","<bridge-startup>","false","true","false","No escaping references detected","Runtime Crash: Exception in thread ""main"" java.lang.NoClassDefFoundError: com/google/gson/GsonBuilder","0"
"session_20260413_125511_c1ede3b3","2026-04-13","java","dynamic","<bridge-startup>","false","true","true","No escaping references detected","Runtime Crash: Exception in thread ""main"" java.lang.NoClassDefFoundError: com/google/gson/GsonBuilder","0"
"session_20260413_125511_edadb63c","2026-04-13","java","dynamic","<bridge-startup>","false","true","false","No escaping references detected","Runtime Crash: Exception in thread ""main"" java.lang.NoClassDefFoundError: com/google/gson/GsonBuilder","0"
"session_20260413_125512_410c11df","2026-04-13","java","dynamic","<bridge-startup>","false","true","false","No escaping references detected","Runtime Crash: Exception in thread ""main"" java.lang.NoClassDefFoundError: com/google/gson/GsonBuilder","0"
"session_20260413_125512_49844e99","2026-04-13","java","dynamic","<bridge-startup>","false","true","true","No escaping references detected","Runtime Crash: Exception in thread ""main"" java.lang.NoClassDefFoundError: com/google/gson/GsonBuilder","0"
"session_20260413_125512_93187ae7","2026-04-13","java","dynamic","<bridge-startup>","false","true","false","No escaping references detected","Runtime Crash: Exception in thread ""main"" java.lang.NoClassDefFoundError: com/google/gson/GsonBuilder","0"
"session_20260413_125512_98a472e2","2026-04-13","java","dynamic","<bridge-startup>","false","true","false","No escaping references detected","Runtime Crash: Exception in thread ""main"" java.lang.NoClassDefFoundError: com/google/gson/GsonBuilder","0"
"session_20260413_125512_a6d45c93","2026-04-13","java","dynamic","<bridge-startup>","false","true","false","No escaping references detected","Runtime Crash: Exception in thread ""main"" java.lang.NoClassDefFoundError: com/google/gson/GsonBuilder","0"
"session_20260413_125512_ab973b02","2026-04-13","java","dynamic","<bridge-startup>","false","true","true","No escaping references detected","Runtime Crash: Exception in thread ""main"" java.lang.NoClassDefFoundError: com/google/gson/GsonBuilder","0"
"session_20260413_125512_aeb930c3","2026-04-13","java","dynamic","<bridge-startup>","false","true","true","No escaping references detected","Runtime Crash: Exception in thread ""main"" java.lang.NoClassDefFoundError: com/google/gson/GsonBuilder","0"
"session_20260413_125512_da3a3822","2026-04-13","java","dynamic","<bridge-startup>","false","true","true","No escaping references detected","Runtime Crash: Exception in thread ""main"" java.lang.NoClassDefFoundError: com/google/gson/GsonBuilder","0"
"session_20260413_125512_dc53eb9d","2026-04-13","java","dynamic","<bridge-startup>","false","true","false","No escaping references detected","Runtime Crash: Exception in thread ""main"" java.lang.NoClassDefFoundError: com/google/gson/GsonBuilder","0"
"session_20260413_125512_de969cd3","2026-04-13","java","dynamic","<bridge-startup>","false","true","false","No escaping references detected","Runtime Crash: Exception in thread ""main"" java.lang.NoClassDefFoundError: com/google/gson/GsonBuilder","0"
"session_20260413_125513_19719cac","2026-04-13","java","dynamic","<bridge-startup>","false","true","true","No escaping references detected","Runtime Crash: Exception in thread ""main"" java.lang.NoClassDefFoundError: com/google/gson/GsonBuilder","0"
"session_20260413_125513_29edd90a","2026-04-13","java","dynamic","<bridge-startup>","false","true","false","No escaping references detected","Runtime Crash: Exception in thread ""main"" java.lang.NoClassDefFoundError: com/google/gson/GsonBuilder","0"
"session_20260413_125513_2e4bf833","2026-04-13","java","dynamic","<bridge-startup>","false","true","false","No escaping references detected","Runtime Crash: Exception in thread ""main"" java.lang.NoClassDefFoundError: com/google/gson/GsonBuilder","0"
"session_20260413_125513_3e2b40c9","2026-04-13","java","dynamic","<bridge-startup>","false","true","false","No escaping references detected","Runtime Crash: Exception in thread ""main"" java.lang.NoClassDefFoundError: com/google/gson/GsonBuilder","0"
"session_20260413_125513_4a1c423d","2026-04-13","java","dynamic","<bridge-startup>","false","true","false","No escaping references detected","Runtime Crash: Exception in thread ""main"" java.lang.NoClassDefFoundError: com/google/gson/GsonBuilder","0"
"session_20260413_125513_656a5e6d","2026-04-13","java","dynamic","<bridge-startup>","false","true","true","No escaping references detected","Runtime Crash: Exception in thread ""main"" java.lang.NoClassDefFoundError: com/google/gson/GsonBuilder","0"
"session_20260413_125513_a5865379","2026-04-13","java","dynamic","<bridge-startup>","false","true","false","No escaping references detected","Runtime Crash: Exception in thread ""main"" java.lang.NoClassDefFoundError: com/google/gson/GsonBuilder","0"
"session_20260413_125513_c9d12df1","2026-04-13","java","dynamic","<bridge-startup>","false","true","true","No escaping references detected","Runtime Crash: Exception in thread ""main"" java.lang.NoClassDefFoundError: com/google/gson/GsonBuilder","0"
"session_20260413_125513_cbe95f60","2026-04-13","java","dynamic","<bridge-startup>","false","true","false","No escaping references detected","Runtime Crash: Exception in thread ""main"" java.lang.NoClassDefFoundError: com/google/gson/GsonBuilder","0"
"session_20260413_125514_26919e5e","2026-04-13","java","dynamic","<bridge-startup>","false","true","false","No escaping references detected","Runtime Crash: Exception in thread ""main"" java.lang.NoClassDefFoundError: com/google/gson/GsonBuilder","0"
"session_20260413_125514_4bcd70ec","2026-04-13","java","dynamic","<bridge-startup>","false","true","true","No escaping references detected","Runtime Crash: Exception in thread ""main"" java.lang.NoClassDefFoundError: com/google/gson/GsonBuilder","0"
"session_20260413_125514_8af6b202","2026-04-13","java","dynamic","<bridge-startup>","false","true","false","No escaping references detected","Runtime Crash: Exception in thread ""main"" java.lang.NoClassDefFoundError: com/google/gson/GsonBuilder","0"
"session_20260413_125514_9da9c38b","2026-04-13","java","dynamic","<bridge-startup>","false","true","true","No escaping references detected","Runtime Crash: Exception in thread ""main"" java.lang.NoClassDefFoundError: com/google/gson/GsonBuilder","0"
"session_20260413_125514_a7465e55","2026-04-13","java","dynamic","<bridge-startup>","false","true","false","No escaping references detected","Runtime Crash: Exception in thread ""main"" java.lang.NoClassDefFoundError: com/google/gson/GsonBuilder","0"
"session_20260413_125514_ae858c7c","2026-04-13","java","dynamic","<bridge-startup>","false","true","false","No escaping references detected","Runtime Crash: Exception in thread ""main"" java.lang.NoClassDefFoundError: com/google/gson/GsonBuilder","0"
"session_20260413_125514_dcc297e5","2026-04-13","java","dynamic","<bridge-startup>","false","true","true","No escaping references detected","Runtime Crash: Exception in thread ""main"" java.lang.NoClassDefFoundError: com/google/gson/GsonBuilder","0"
"session_20260413_125514_ebc57d90","2026-04-13","java","dynamic","<bridge-startup>","false","true","false","No escaping references detected","Runtime Crash: Exception in thread ""main"" java.lang.NoClassDefFoundError: com/google/gson/GsonBuilder","0"
"session_20260413_125514_ef955407","2026-04-13","java","dynamic","<bridge-startup>","false","true","true","No escaping references detected","Runtime Crash: Exception in thread ""main"" java.lang.NoClassDefFoundError: com/google/gson/GsonBuilder","0"
"session_20260413_125514_fba8e362","2026-04-13","java","dynamic","<bridge-startup>","false","true","false","No escaping references detected","Runtime Crash: Exception in thread ""main"" java.lang.NoClassDefFoundError: com/google/gson/GsonBuilder","0"
"session_20260413_125515_3e8f3208","2026-04-13","java","dynamic","<bridge-startup>","false","true","true","No escaping references detected","Runtime Crash: Exception in thread ""main"" java.lang.NoClassDefFoundError: com/google/gson/GsonBuilder","0"
"session_20260413_125515_48dee023","2026-04-13","java","dynamic","<bridge-startup>","false","true","true","No escaping references detected","Runtime Crash: Exception in thread ""main"" java.lang.NoClassDefFoundError: com/google/gson/GsonBuilder","0"
"session_20260413_125515_7945afe4","2026-04-13","java","dynamic","<bridge-startup>","false","true","true","No escaping references detected","Runtime Crash: Exception in thread ""main"" java.lang.NoClassDefFoundError: com/google/gson/GsonBuilder","0"
"session_20260413_125515_a441b091","2026-04-13","java","dynamic","<bridge-startup>","false","true","true","No escaping references detected","Runtime Crash: Exception in thread ""main"" java.lang.NoClassDefFoundError: com/google/gson/GsonBuilder","0"
"session_20260413_125515_b2760df7","2026-04-13","java","dynamic","<bridge-startup>","false","true","true","No escaping references detected","Runtime Crash: Exception in thread ""main"" java.lang.NoClassDefFoundError: com/google/gson/GsonBuilder","0"
